,date,y_true,window_id,target,y_pred_linear,y_pred_rf,y_pred_xgb,y_pred_gbr,y_pred_lgbm,y_pred_cat,y_pred_elasticnet,y_pred_extratrees,y_pred_sgd,y_pred_stack,cl_logreg,cl_rf,cl_xgb,cl_stack
0,2025-04-15 04:00:00+00:00,0.0060764278939292,0,log_ret_next,-0.010296826031269319,-0.010029903755387832,-0.006902626,-0.06256927686756494,-0.012399406072950888,-0.003023918212707924,0.00043971667741948345,-0.01816107756310593,-0.014889340065609049,0.00022898391492631688,0.3276106997437864,0.4577864448803824,0.513384,0.5583960746464602
1,2025-04-16 04:00:00+00:00,0.0183733688474989,0,log_ret_next,0.0012265647920139053,-0.0035148416546930054,0.0031860787,-0.0022575124058444637,-0.005708253180660987,-0.0027144054908571063,0.00043971667741948345,-0.0009221709086504166,-0.002249769795181403,0.00044122900115488593,0.5299359386376342,0.4895203088591112,0.53953063,0.5479319498275069
2,2025-04-17 04:00:00+00:00,-0.0304884306693694,0,log_ret_next,0.006511421200208994,-0.004364248110013526,0.00025086722,0.01240015050683263,-0.0027084992998785127,-0.002424441747151854,0.00043971667741948345,0.0011353718997735105,0.002872262004102142,0.0004393307283318688,0.6675501177730729,0.5973915301919221,0.6083849,0.5384669556396126
3,2025-04-21 04:00:00+00:00,0.0263453973500669,0,log_ret_next,0.008927331462609553,0.00111200435483132,0.0062390976,0.00385365391230089,-0.002209701582797777,0.002975836598231883,0.00043971667741948345,0.005722470213847303,0.004648359506244345,0.0005028881232424547,0.7094060365905324,0.47950571715622275,0.54278845,0.5396605420167132
4,2025-04-22 04:00:00+00:00,-0.004525823686233,0,log_ret_next,0.0038373522997916082,-0.006652614011581281,0.004247431,-0.0006959259199707936,-0.0018617649584331075,0.0011923433161288286,0.00043971667741948345,-0.001366741483722989,0.0001451828320165956,0.0004306226108454231,0.5862636113246885,0.5114346814732394,0.4443942,0.5438694595660901
5,2025-04-23 04:00:00+00:00,0.0173349887007641,0,log_ret_next,0.01181955105463832,0.0011328055380385763,0.0072496776,-0.002331907298963707,0.000486660168733563,0.0040093624139787044,0.00043971667741948345,0.002201089270650484,0.009143412002524536,0.0004998865765295157,0.7299091438903109,0.5908732998612697,0.6356203,0.5358690570037138
6,2025-04-24 04:00:00+00:00,-0.0024478422507098,0,log_ret_next,0.0036730724057160765,-0.0012965209145684208,-0.007274016,-0.006925790705967088,-0.006883078962659395,0.0006171745637140322,0.00043971667741948345,-0.0030855008217589718,0.002030944703796554,0.0003752144011428747,0.6050928480550736,0.41684771433158013,0.2932612,0.5448266408664457
7,2025-04-25 04:00:00+00:00,0.0098268721014587,0,log_ret_next,0.002714653394931342,0.0006100525693144408,-0.00035746666,0.0024380385510226104,0.0004784164850059051,0.0034027354879494925,0.00043971667741948345,0.0014403796553727104,0.0031400770058768106,0.0004513096939181194,0.5671945262774407,0.42606964546375453,0.43211958,0.5473507228886936
8,2025-04-28 04:00:00+00:00,-0.0057265714950381,0,log_ret_next,0.003532810172938367,0.000556887767564786,-0.002826837,0.0003268876442210918,-0.004146613092155353,2.5656424566536102e-05,0.00043971667741948345,0.000804143216737844,0.0026054855844327386,0.0004302830482222328,0.5776452929574011,0.46780018164537607,0.4561375,0.5457244896775089
9,2025-04-29 04:00:00+00:00,-0.0235340813711772,0,log_ret_next,0.005872292471549175,0.003041808733925691,0.0005060382,0.003312838429592427,0.0034955124996556607,0.0005159496841698029,0.00043971667741948345,0.001605615388500883,0.005427007820227698,0.0004747072834529655,0.6049408677419859,0.593489377703092,0.59913886,0.5415285181193955
10,2025-04-30 04:00:00+00:00,0.001468889654093,0,log_ret_next,0.00303131995642006,0.0031197285659500945,0.0026379738,0.002722656073538285,0.00023827041846676087,0.0011376955649964647,0.00043971667741948345,0.0008049490909024563,0.0013419983701025704,0.0004891001387921643,0.5042997206232954,0.4413455513952259,0.3790549,0.549507169824152
11,2025-05-01 04:00:00+00:00,0.0163056376331509,0,log_ret_next,0.0034946125293782086,-0.0010491494216616837,-0.0009864905,0.0038811139893734077,0.0031291109167973234,0.0021097393235310403,0.00043971667741948345,0.0015878982775643048,0.0048947087136872024,0.00043842459054814096,0.5445037718061173,0.4811841420992854,0.515474,0.5473211574496589
12,2025-05-02 04:00:00+00:00,-0.0218986517458435,0,log_ret_next,0.0033137167675737897,0.002119274053442391,0.0015359825,-0.0009677102260405938,0.003756112125170327,0.00326713097574476,0.00043971667741948345,0.0017047815946343331,0.003304826249958823,0.0004687911458930669,0.5185367027435939,0.4340470407080048,0.46146065,0.5496422459649021
13,2025-05-05 04:00:00+00:00,0.0007378085187612,0,log_ret_next,0.006049828243303916,0.0012421542791000416,-0.0020433178,0.0027213586243815552,0.0005362027224063377,0.002240304701764246,0.00043971667741948345,0.0014220950035215203,0.005966423964891818,0.0004441744894550111,0.5700735986649847,0.3847166469514247,0.4886177,0.5489024824021856
14,2025-05-06 04:00:00+00:00,0.0014001268688025,0,log_ret_next,0.004487376907162268,0.001995592486609923,0.003942288,0.004130421376844823,0.0043462787581451685,0.001995271185755561,0.00043971667741948345,0.0025475476812273955,0.00442187667404031,0.0004931342720957392,0.5465116697102479,0.49303122639200675,0.4463893,0.5463617616525241
15,2025-05-07 04:00:00+00:00,0.0091631391103725,0,log_ret_next,0.006406737556504406,0.0019213573966693268,0.0012896679,0.0012163350466536146,-0.0015898553602053647,0.0027590972694445256,0.00043971667741948345,0.003065524108229789,0.0058452527490494705,0.0004693715243852641,0.5902206380182915,0.43189572347797167,0.42965102,0.5460488150443712
16,2025-05-08 04:00:00+00:00,0.0105253883201261,0,log_ret_next,0.002708333968816636,0.0025369475214988236,0.002468777,0.0033104762521446525,0.004908709225719481,0.003337063280653518,0.00043971667741948345,0.0025384300118754307,0.00201129986441436,0.00048506805306159116,0.535633135437401,0.5311254699582713,0.53627837,0.5463423467349099
17,2025-05-09 04:00:00+00:00,0.0223491720683913,0,log_ret_next,-0.001099088440868234,-0.0017899879700965275,-0.004367099,-0.005323234610548623,-0.006712495822685986,0.0017477480183618918,0.00043971667741948345,-0.0012014026864986412,0.00018532248960041026,0.00039486892777890225,0.4425073379585126,0.5480793059419905,0.42585924,0.5494839524811761
18,2025-05-12 04:00:00+00:00,0.005141506897113,0,log_ret_next,0.00596806630466643,0.0005121690025929533,0.0048793866,0.0033720974913830112,0.006551674909895953,0.0018609934148985238,0.00043971667741948345,0.0009830389133347317,0.006138517395972294,0.0004886902080217157,0.5705369999829404,0.5899941271800998,0.61173505,0.5433783775549061
19,2025-05-13 04:00:00+00:00,-0.004788476585299,0,log_ret_next,0.0035570801341859065,0.012035137333020845,0.009522869,0.008841246103217583,0.01365269400524735,0.007504208503891269,0.00043971667741948345,0.009915785935504566,0.0055995167035901945,0.000605582990079103,0.5123033718519355,0.6907977704406472,0.7827066,0.5442594446266387
20,2025-05-14 04:00:00+00:00,0.0041560589068151,0,log_ret_next,0.00012408072590718217,0.0010252619303047924,-0.0016385654,-6.119368292166187e-05,0.002305053608333742,0.001139761385326157,0.00043971667741948345,0.0026911751962780785,0.0016666384388878475,0.0004409936856091934,0.4219430621795416,0.4424610343684269,0.3628164,0.5532943999902579
21,2025-05-15 04:00:00+00:00,-0.0011253115167737,0,log_ret_next,0.0017176492011429685,0.0024929585523095297,0.0038180302,0.001547735073128504,0.007016759797733605,0.0021861571710867136,0.00043971667741948345,0.002993741883697814,0.0033315890526427936,0.0004912792524947114,0.4636034325691851,0.5457791186932697,0.57084274,0.5495833474189683
22,2025-05-16 04:00:00+00:00,-0.0136260842476093,0,log_ret_next,0.005175022637306548,0.001967290943274128,0.004349227,0.00345927599308361,0.0014171584815524621,0.00215980866793112,0.00043971667741948345,0.0007789631843434281,0.006281133190460306,0.0004946794789641902,0.5080197095969738,0.47793422518548995,0.47408673,0.5488726765541049
23,2025-05-19 04:00:00+00:00,-0.0088483629896202,0,log_ret_next,0.006188169650195675,0.004187719562739535,0.002093632,-0.000961413751899618,0.00034500127020621043,0.002375551880611264,0.00043971667741948345,0.0005227898000884868,0.0074463926953201144,0.00048624689774377767,0.5301122504684705,0.4340625899006741,0.36836636,0.5484214470486665
24,2025-05-20 04:00:00+00:00,-0.0125355855980695,0,log_ret_next,0.004204615267913264,-0.0022654477535954745,0.00071335083,0.0012253870122771867,-0.001599026377031703,0.0015935846194312427,0.00043971667741948345,0.0014863930524325899,0.005473330003158937,0.0004379235027417939,0.5435825364348383,0.514071622631479,0.4604465,0.5459484815925576
25,2025-05-21 04:00:00+00:00,-0.0019936122159407,0,log_ret_next,0.0032588163649662437,0.004527275713278974,0.007608607,0.005122061203618086,0.004550835010926485,0.0043137176753584566,0.00043971667741948345,0.0025534879656098517,0.0032354247234158856,0.0005369064428823332,0.5370848027862549,0.6723028921733714,0.7380939,0.5433267762066475
26,2025-05-22 04:00:00+00:00,0.0091968681390131,0,log_ret_next,-0.00042766912170716105,-0.007959212239598912,0.008028763,-0.0034706256747508075,0.002356960021367326,0.0012409383940484727,0.00043971667741948345,-0.00365484275094838,-0.0013959031176452043,0.0004438355178832776,0.5071580580830013,0.5666183992937405,0.69969964,0.5477733431257372
27,2025-05-23 04:00:00+00:00,0.0094035272714561,0,log_ret_next,0.0054485238594458515,0.00293757071244918,0.004109383,0.001745309049379116,0.00021308893493179128,0.0019676891349689157,0.00043971667741948345,0.001359509839134741,0.00594058756090423,0.0004965489993947715,0.5597176081344624,0.49589695879147194,0.56037813,0.5464565987439814
28,2025-05-27 04:00:00+00:00,-0.0132191627630133,0,log_ret_next,0.000509272806568025,0.002261489777507546,0.0004612989,6.625160196340292e-05,-0.0003547583694178637,0.0018861756180499544,0.00043971667741948345,0.0008721342084575454,0.0002595287485312593,0.0004639375864776191,0.5160767978236033,0.5012943192751789,0.5817581,0.5485319291036759
29,2025-05-28 04:00:00+00:00,0.0137993954253884,0,log_ret_next,0.0022775614836545257,-0.0008435952547298054,0.0015585275,1.9398495936890133e-05,0.00016316219472833476,0.00024260753934128763,0.00043971667741948345,0.0005870501708831712,0.0028256322051916933,0.00045114867334064595,0.5293858864059449,0.31184906198234563,0.32552576,0.5519445616530666
30,2025-05-29 04:00:00+00:00,-0.0088126767418836,0,log_ret_next,0.0013139875807321553,0.001994516525803012,0.00166193,0.0021431428451654916,0.000954417832050346,0.0014590472581158685,0.00043971667741948345,0.0012140836208186787,0.0014167159335809671,0.00047396979543053456,0.5079360646488544,0.5011993000198354,0.5955493,0.5490232682556755
31,2025-05-30 04:00:00+00:00,0.0083050201488329,0,log_ret_next,0.003138516814662321,0.0011495543614847808,0.0009651283,-0.001506432477468889,0.0015125986270355526,0.0019445511822532165,0.00043971667741948345,0.0014994198822086415,0.0030476272050270377,0.0004575702548594181,0.5475032329532727,0.5506501344573507,0.516002,0.545020867269714
32,2025-06-02 04:00:00+00:00,0.0123292813273404,0,log_ret_next,0.0004502055125987822,0.0004998012748501802,0.00013577894,0.004458272351126693,0.0024470176162561374,0.0016068311051322403,0.00043971667741948345,0.0009183375079951748,0.00027649422698885736,0.0004573477453119887,0.4785638652378917,0.540950826189141,0.5074761,0.5485637968524437
33,2025-06-03 04:00:00+00:00,-0.0157449165648688,0,log_ret_next,0.00243085791441839,-0.0010871831241042803,0.003039579,0.001217441917388131,0.0030007335858502804,0.001895704974296591,0.00043971667741948345,0.0012210325078470987,0.0031521141778499615,0.00046184169607753605,0.509086799104669,0.519516995592268,0.605475,0.5484701233842632
34,2025-06-04 04:00:00+00:00,-0.0034273417983661,0,log_ret_next,-0.000595624242597086,-0.003338464594766131,-0.006445206,-0.007023029254459394,-0.003151509738170526,-0.0017634435911517868,0.00043971667741948345,0.0010042064095149813,-0.00019942382901157283,0.0003674422091300169,0.48845567396697204,0.3548826155225938,0.44506776,0.5534200749560582
35,2025-06-05 04:00:00+00:00,0.0238907949444307,0,log_ret_next,0.0009890193666989733,0.001943849895384303,-0.00016637454,-0.0010264613484977955,-0.000785441013163264,0.00023627062508730832,0.00043971667741948345,0.001437384284177661,0.0014622901567653526,0.000455684100245483,0.4815921922883934,0.39287841828868886,0.42091396,0.5523969876951533
36,2025-06-06 04:00:00+00:00,0.003914822754911,0,log_ret_next,-0.0014462808948265667,0.0035146448004256207,0.0034961547,0.0024897727459712226,0.003049417535867196,0.001488467364503197,0.00043971667741948345,0.0019281990407876463,-0.0011523064818543146,0.0004972848467324523,0.47668404601390696,0.6111260681231575,0.55450445,0.5468094185456357
37,2025-06-09 04:00:00+00:00,0.0182328714753117,0,log_ret_next,-0.0013323697890280431,0.0012846375904638427,-0.0006320905,-0.000522545419707124,-0.0010646455193186013,0.00017349788782992156,0.00043971667741948345,0.0009146792649448637,-0.0005767415293910848,0.00044894703098165544,0.47781117323837513,0.5572677628593046,0.5527585,0.548416991017997
38,2025-06-10 04:00:00+00:00,0.0099261545468936,0,log_ret_next,-0.0037152332648369224,-0.0005496325878838694,-0.0013631559,-0.001610528267032329,-0.0010232849386565765,-0.00030690672504906334,0.00043971667741948345,-8.756749378022439e-05,-0.0026199719919659265,0.000430038323295246,0.4307060514313866,0.4780239308913168,0.3660617,0.551795602376526
39,2025-06-11 04:00:00+00:00,0.0013115026934716,0,log_ret_next,0.0016881946807693732,-0.0022553522245587357,-0.003937053,-0.0029004669758648997,-0.003661177107971775,-0.0005623179259475013,0.00043971667741948345,-0.0010897032465026616,0.00334409229172294,0.00039880101887785404,0.5157679131931381,0.36860802469077103,0.40186682,0.5513800961449165
40,2025-06-12 04:00:00+00:00,0.0064632790971061,0,log_ret_next,0.0014801685250792115,0.00012521212928416972,-0.0018161297,-0.00197239843185534,-0.003918692698323346,8.447164952075237e-05,0.00043971667741948345,-0.00042479420431813466,0.002566987282963815,0.0004307111028644652,0.5117447629216964,0.5109395657622122,0.49875438,0.5478453429009947
41,2025-06-13 04:00:00+00:00,0.0008219446727202,0,log_ret_next,0.0011916623785486317,0.0007801477002934862,-0.002562231,-0.00025993743522281505,-0.0007489154546365414,0.00011580490751405799,0.00043971667741948345,-3.5793146909294216e-06,0.0025071764556978756,0.0004326245509065194,0.5261764506777921,0.5032689120758537,0.5586807,0.5478217912950002
42,2025-06-16 04:00:00+00:00,0.0191271206588641,0,log_ret_next,0.0020200002502073454,0.0009640669247753854,0.002649018,0.0015432030780436477,0.004453206385244578,0.0003764933644456206,0.00043971667741948345,-0.0003480158841709289,0.0027047122569095815,0.0004731042270726561,0.5170467292343675,0.5846456840798546,0.5803057,0.5458839027940997
43,2025-06-17 04:00:00+00:00,-0.0044439336627882,0,log_ret_next,0.0024691793305432145,0.0015690461021073516,0.0009787811,0.004984545874521221,8.013485257071065e-05,0.0011608887589524275,0.00043971667741948345,-0.0005296574742786715,0.0038504319432213093,0.0004710966712688089,0.5526848426186186,0.49254231967539686,0.53752434,0.5467341087415782
44,2025-06-18 04:00:00+00:00,0.0091355944770029,0,log_ret_next,0.0018676172633321525,-0.003316367166003105,-0.0016367335,-0.0012063115477514857,-0.002147697475387007,0.00043066661638941885,0.00043971667741948345,-0.00020324925558526673,0.0022521763744243195,0.00041065940056336195,0.527351943977501,0.4879743275781013,0.45831183,0.5475221510015369
45,2025-06-20 04:00:00+00:00,-0.0181510490908945,0,log_ret_next,-0.0003771568679542389,0.0004978335735510064,-2.7026457e-05,0.0023945183977610723,0.0006058860951242549,5.6270177898888087e-05,0.00043971667741948345,0.0003845377939441879,0.000595795456724458,0.000452804576294563,0.4969077464110233,0.5295913506877601,0.5656231,0.5484548476721646
46,2025-06-23 04:00:00+00:00,-0.0227963472498186,0,log_ret_next,0.0050529134393331515,0.0017798159711061071,0.004145019,0.004724625811096906,0.003222951790122846,0.005001016996877631,0.00043971667741948345,0.004559100124614136,0.005706247253425403,0.0004941099122134944,0.524076028981068,0.5919371668185698,0.5327526,0.5449793696684678
47,2025-06-24 04:00:00+00:00,-0.0022316938998655,0,log_ret_next,-0.0051495323575933005,-0.0031079642881959796,-0.0026705393,-0.0025475541028131834,-0.00608311413644319,-3.0105484957502376e-05,0.00043971667741948345,-0.003073825338925967,-0.004734136155794394,0.0004026160347858168,0.38804205537996683,0.4496383251098773,0.43914852,0.5552360757193137
48,2025-06-25 04:00:00+00:00,0.0084125820957252,0,log_ret_next,-0.0008884878552580448,-0.0010262538970762407,-0.0005992745,0.00241075139401757,0.0020167237144230574,0.0006432572389411128,0.00043971667741948345,0.00015209132391227317,-0.00028009679259767106,0.00043885287341663464,0.4903117228164403,0.4484879836726121,0.5360601,0.5510776906226912
49,2025-06-26 04:00:00+00:00,-0.0045104622996026,0,log_ret_next,-0.0022626712723357156,0.003591512464162111,0.003081648,0.0032289258221814303,0.005660039019055124,0.0018848051068480012,0.00043971667741948345,0.001597740067975671,-0.002935798089756668,0.0004961172136409388,0.4931294315335338,0.5041276102840848,0.5592456,0.549381122616721
50,2025-06-27 04:00:00+00:00,-0.004181418295595,0,log_ret_next,0.00144470660829766,0.0015482923036932853,-9.373168e-05,0.000853047040479359,0.0038622187954821777,0.0006740046484788509,0.00043971667741948345,0.0010794991948567363,0.00026291492242342177,0.00045668983908502973,0.550654117210864,0.45864673029931885,0.6196183,0.5484728041648864
51,2025-06-30 04:00:00+00:00,0.0164846748412825,0,log_ret_next,0.00042783596805729193,-0.002203127370280045,-0.0019975407,-0.000149917283318161,-0.001935859750080826,-0.0016429664717406635,0.00043971667741948345,-0.00017341079449151176,-9.276889737595351e-05,0.0004171821408117389,0.5318348018601862,0.3490134569598285,0.29281417,0.5504400242015941
52,2025-07-01 04:00:00+00:00,0.016420047051597,0,log_ret_next,0.0032865128606701334,0.001853807170876709,0.0014607549,-0.0003504982416364769,0.001917029053149141,0.0012886365323022102,0.00043971667741948345,0.0014133476310262921,0.002461201709054127,0.0004675423474341658,0.5955809697924769,0.5517787092297763,0.56588125,0.5430379772349966
53,2025-07-02 04:00:00+00:00,0.0026319948248116,0,log_ret_next,0.0014478195041586835,0.00048185762238540415,-0.0008931024,0.00035032376451964885,-0.0017728679792561573,0.0013316664467726246,0.00043971667741948345,0.0007120986839786051,0.0008650408010553481,0.00044330206967083563,0.5483907929229823,0.4932241775076818,0.4335332,0.5461736162576095
54,2025-07-03 04:00:00+00:00,-0.0065592481788659,0,log_ret_next,-0.0016486397340162197,-0.0003539950379179601,-0.0030723666,-0.000868667495118061,-0.00356208184851906,-0.000321636776313122,0.00043971667741948345,0.000674092335261923,-0.001182300590690064,0.00042063356587574287,0.46881256476029315,0.378707437652521,0.33099392,0.5528047085242537
55,2025-07-07 04:00:00+00:00,0.0388554045768773,0,log_ret_next,-9.166832416109981e-05,0.0007260087900121649,0.00055089046,0.0007495939324738773,0.0012499528698651043,0.0011654007264889246,0.00043971667741948345,0.000340470897240679,0.000673592382026198,0.00045561998918081,0.4843674299427137,0.519141932341686,0.60036665,0.5496283270937038
56,2025-07-08 04:00:00+00:00,-0.0014366797921158,0,log_ret_next,-0.00046083362519015443,-0.0007720116290639082,-0.0022313632,-0.0020225875796307004,-0.001289449199649698,-0.0005475352394926027,0.00043971667741948345,0.0009904293636449706,-0.0003471302398617883,0.0004218535917202142,0.4760251301462966,0.5510351541918721,0.5958821,0.5490048077567603
57,2025-07-09 04:00:00+00:00,0.0074872290072382,0,log_ret_next,-0.0024996362806754243,-0.00048180416229947373,-0.0012580148,-9.850263590337335e-05,-0.002190021896043516,-0.00088959912396843,0.00043971667741948345,-0.0002362662111471586,-0.002334466531007682,0.00043370361755416066,0.4150587483770028,0.4648859429785148,0.397646,0.5531767444771643
58,2025-07-10 04:00:00+00:00,0.0073671787884765,0,log_ret_next,-0.007057879455638507,4.95452141592849e-06,-0.002342098,-0.00011647821846224296,-0.0005426171313746987,-0.0008638789233795653,0.00043971667741948345,8.594769994575851e-05,-0.006011943262518151,0.00042931230232750965,0.35428265868470904,0.42300113888550583,0.4062567,0.5574370883472332
59,2025-07-11 04:00:00+00:00,-0.0238478716821203,0,log_ret_next,-0.00114893470552158,-0.00014875433187734878,-0.0032110193,-0.0008533828149355312,0.00012395715641188535,1.230444399185444e-05,0.00043971667741948345,-0.0006170685015656342,-0.00023616234800386438,0.00042103823327949304,0.4396478324264935,0.5444063656598375,0.40084264,0.5495558551128354
60,2025-07-14 04:00:00+00:00,-0.0063504325687096,0,log_ret_next,-0.0071477751500625365,0.0006611186805176795,-0.0030773913,-0.00024660823864367854,0.00034814725552782225,-0.0016266225997366608,0.00043971667741948345,-0.0004902107315114852,-0.00670095397067608,0.0004282770338545485,0.36529782986534776,0.48552714964216614,0.4776972,0.5554849953857575
61,2025-07-15 04:00:00+00:00,-0.005122845990318,0,log_ret_next,-0.0019025918787445137,0.0005342747067853432,-0.0014455814,-0.0006557954578339558,-0.0016926568878227763,-0.0010397178156724008,0.00043971667741948345,-0.000633767066530865,-0.0008161756587709162,0.000438140963835763,0.44620100238192983,0.4107171703315452,0.4065899,0.5534325410826577
62,2025-07-16 04:00:00+00:00,0.009691376295719,0,log_ret_next,-0.002935089166538677,0.0016139353857781852,0.0017222553,-0.00034496633447768897,0.00166869920280734,0.00038321984590303053,0.00043971667741948345,0.00027058042879968047,-0.00283820840868856,0.00046780078130893507,0.45682034757565304,0.5413143907832229,0.6052732,0.5502928639042335
63,2025-07-17 04:00:00+00:00,-0.0088914078484483,1,log_ret_next,-0.0021539977427318035,0.0041464755305437445,-0.001686142,-0.007652696065196399,0.001118273769136455,1.2769830381282547e-06,0.0005325798938096862,0.0009206202673216461,-0.0023753711579970593,0.0005237561504715773,0.46843782697618996,0.6043522835762024,0.5244946,0.5399089316144262
64,2025-07-18 04:00:00+00:00,-0.0024022487473688,1,log_ret_next,0.00048030486461843737,-0.001158450282157914,0.00071028847,-0.000575917083859743,-0.0011467615457720877,-0.0027794055154400123,0.0005325798938096862,-0.0004582002024456529,0.00015060657248276179,0.0005309303391822179,0.5244211591325219,0.37158612182698086,0.3565122,0.5911024470651852
65,2025-07-21 04:00:00+00:00,0.002402248747369,1,log_ret_next,0.011362644929362741,0.002208453540946815,-6.500639e-05,-0.0006413318100052511,0.0033787289450924996,0.002132389164143666,0.0005325798938096862,-0.00017549972368711717,0.011408107408521198,0.0005321706443186493,0.5166518652269975,0.48711375977557003,0.3818086,0.5819608306928202
66,2025-07-22 04:00:00+00:00,0.0203199913276034,1,log_ret_next,-0.005327660074707466,-0.0073746485976179145,-0.0060955486,-0.013237791321139863,-0.002307162176546504,0.0014219453776661414,0.0005325798938096862,-0.008137750134581633,-0.0043420630135273565,0.0005039096646807682,0.3889943268515012,0.5581162944003092,0.5362378,0.5291870980218885
67,2025-07-23 04:00:00+00:00,0.0175439052724205,1,log_ret_next,0.003022665597656278,0.0026570676487175145,0.0020801388,0.004346104527122947,0.000692935449482095,0.005243682846860027,0.0005325798938096862,0.0019130753292498108,0.003409594463459487,0.0005407252570605296,0.49409220950284377,0.523047908267379,0.49450856,0.5516723815564583
68,2025-07-24 04:00:00+00:00,-0.0063734591346505,1,log_ret_next,-0.0021568146234921225,-0.0001801822670975644,0.00046119688,0.002252298813030033,-0.0044989109351236374,-3.197946796885552e-05,0.0005325798938096862,-0.0014605505397124207,-0.0016972430177658445,0.000534355687612071,0.48100227057796013,0.4595230506658241,0.5832214,0.529936236523865
69,2025-07-25 04:00:00+00:00,0.0092569652058209,1,log_ret_next,-0.0006812126948685641,0.0013431949658105939,0.0025092477,-0.00035408485252369634,-0.0020598367834021017,-0.00027135018719548455,0.0005325798938096862,-0.001637159474943891,-0.0004301115556755344,0.0005352685271604655,0.4509292221892414,0.48380561313407894,0.42454752,0.5646272382923934
70,2025-07-28 04:00:00+00:00,0.0047875769147668,1,log_ret_next,-0.003064210597223201,-0.0016645443860721005,-0.002258472,-0.0018636052732637107,-0.003741583856120936,-0.002240391654075539,0.0005325798938096862,-0.0014949096452083143,-0.00267641819605996,0.0005252764949042699,0.4151459631767295,0.3746106793335172,0.44088385,0.5589647070424255
71,2025-07-29 04:00:00+00:00,-0.0223455620441982,1,log_ret_next,0.0006450903193257581,-0.0023602535009537985,-0.005047916,-0.0013028132168462897,-0.0022795191592722133,-0.0007387353641615992,0.0005325798938096862,-0.000601524136161972,0.0007299637298488386,0.000521737329648956,0.5280669379999573,0.5012383875245512,0.4601918,0.5641354733399879
72,2025-07-30 04:00:00+00:00,-0.0125819702653772,1,log_ret_next,-0.003440580683689835,0.0005682224549110533,-0.0007650424,-0.00045179082353849156,-0.002657240457604542,-0.0017071484035665347,0.0005325798938096862,-0.0005830629171352432,-0.0032285276570862844,0.0005303209389069201,0.4453077375358229,0.37070049983381703,0.43224442,0.5644336213911866
73,2025-07-31 04:00:00+00:00,-0.0015840918766893,1,log_ret_next,3.7038264260605565e-05,-0.0011546641926640866,-0.00017857105,0.0018600071360547047,0.00011882762377130592,-0.002546701871082415,0.0005325798938096862,-0.0013349373104979002,-0.0002982616798693342,0.0005324133562168397,0.5446893245208265,0.5422166051162195,0.513989,0.5521362561614667
74,2025-08-01 04:00:00+00:00,-0.0023805398993734,1,log_ret_next,0.0013418288457393247,0.0019467796836979859,0.0016731747,0.00041856348654869906,0.0028334580706172252,-0.00018691743579276297,0.0005325798938096862,-0.0008778735550361823,0.0008752965003819961,0.0005354273790039031,0.5322783780194348,0.6025710182857974,0.53013897,0.5456272766320491
75,2025-08-04 04:00:00+00:00,0.0131546978662128,1,log_ret_next,-0.0012184549490002446,-0.0011578744638665753,-0.004108554,-0.003022689618243951,-0.006293772444267397,-0.001629328961317544,0.0005325798938096862,-0.0007859392239943572,-0.0014365058430441337,0.0005219343723434664,0.49822903655468426,0.4299339348314159,0.4283566,0.5699632632912114
76,2025-08-05 04:00:00+00:00,-0.0017004309158736,1,log_ret_next,0.0017622153727259882,-0.0016810482048995733,-0.001087656,-0.001139153014898407,-0.003971672270883661,-0.0022657360996861113,0.0005325798938096862,-0.0002602500248652449,0.00141901135357396,0.0005275922217581675,0.5400170892712781,0.5156897323963588,0.38314664,0.5836031396888101
77,2025-08-06 04:00:00+00:00,0.0024841998099352,1,log_ret_next,0.0003972181108803924,-0.0007886209833301553,-0.00035693616,0.0005865710802654088,-0.0037854177614036416,0.0018923770749229433,0.0005325798938096862,-0.0022671964939905897,4.748837020547656e-07,0.0005310474103868575,0.5156785401666455,0.5367509601640023,0.50554687,0.5510975443545663
78,2025-08-07 04:00:00+00:00,0.0120064403453625,1,log_ret_next,0.0005970161014083694,-0.0010574481986093038,0.00088617194,-0.00023570228647331842,-0.0003224764640759081,-0.0004556177736803266,0.0005325798938096862,-6.398124975352508e-05,0.0003906110831102637,0.0005316014771861663,0.47538500352346424,0.4085033797087032,0.501466,0.5502443738237962
79,2025-08-08 04:00:00+00:00,-0.0101148387550025,1,log_ret_next,-0.001021796790021777,0.0004523258602042396,-0.0010531208,-0.001167662487298631,-0.0024160692220296875,-0.0022737248530464937,0.0005325798938096862,-0.00015413439168194333,-0.0008766527693056332,0.0005290834628971057,0.5106350112343055,0.5745282581635254,0.61640173,0.5227753523167881
80,2025-08-11 04:00:00+00:00,0.0064310068128798,1,log_ret_next,-0.0010120998686593509,-0.0006952012933346907,-0.0006596489,0.0005234332710138097,-0.0013144838032177048,-0.00024389660992385075,0.0005325798938096862,-0.0003475408080213902,-0.0010965693590902922,0.0005306454295163867,0.4657834855752405,0.5353581242506718,0.50822645,0.5449726940089196
81,2025-08-12 04:00:00+00:00,0.0092165512287544,1,log_ret_next,0.0011694938442743978,0.0018833365379871095,0.0006216103,0.0018761516601701993,0.001046513010633733,0.00010334683058222407,0.0005325798938096862,-0.00019939021136387988,0.0012719716817736985,0.000535586019738359,0.5489192915416754,0.6649983734343633,0.554777,0.5402082958485548
82,2025-08-13 04:00:00+00:00,-0.004565370112908,1,log_ret_next,0.0008193152303310522,4.953643602101081e-06,0.00037133112,0.002287339319466231,-0.0002579461641255157,-0.0006980755287447505,0.0005325798938096862,-0.0003736667050436473,0.0006578007832003111,0.000534403804257398,0.5269053508878407,0.4937564513441901,0.7069038,0.504088521489432
83,2025-08-14 04:00:00+00:00,0.0089185123211772,1,log_ret_next,-0.0011088407352160125,-0.001608320015938687,-0.0021527335,-0.0012905830094830377,-0.0027587580074511695,-0.002449094594806598,0.0005325798938096862,-0.0004875734158519146,-0.0011434475222464888,0.0005260775859655351,0.507971185696039,0.5678801036366525,0.63718414,0.5175332895682386
84,2025-08-15 04:00:00+00:00,-0.0078878929115634,1,log_ret_next,-0.0018688968752240218,-0.00012405220423618,-0.0005475483,-0.0011914076176350189,-0.0010306379070988264,-0.0014389005888479655,0.0005325798938096862,-0.0007493873242592872,-0.001663587143708502,0.0005293233386025397,0.44282635598705383,0.48404565055099275,0.46482328,0.5540078353040524
85,2025-08-18 04:00:00+00:00,-0.0105365363784266,1,log_ret_next,0.0008825900794901701,0.00019479405859576713,-0.0003761141,-0.0005495476377630743,-0.0003476991440144462,-0.0009167974053782837,0.0005325798938096862,-0.0005421971794744402,0.0011957839711757266,0.0005304674639352434,0.4691621284720711,0.4295005239464053,0.40300867,0.5728839638065156
86,2025-08-19 04:00:00+00:00,0.007994397340932,1,log_ret_next,-0.0034573771619558673,-0.007759846985051951,-0.00617451,0.0024208284420374707,-0.006006822007663136,-0.002057711689733239,0.0005325798938096862,-0.0019249595457815343,-0.003201788024984847,0.0005205676353772093,0.4686696685257547,0.4425748946302875,0.37229317,0.5799163894437875
87,2025-08-20 04:00:00+00:00,0.015092389536017,1,log_ret_next,-0.0020672096642155025,-0.0003962362907186201,-0.002845214,-0.0013349534062229082,-0.0005901462553549817,-0.0016472000744467141,0.0005325798938096862,-0.000500573833775479,-0.0015288181347466144,0.0005259579703765751,0.4557756109575957,0.49631745866421334,0.48541516,0.5501966366461845
88,2025-08-21 04:00:00+00:00,0.0167663383503448,1,log_ret_next,-0.004854308788602845,-0.003910694317776826,-0.0053054583,-0.004071867708036558,-0.007315521780127363,-0.0018521618415504489,0.0005325798938096862,-0.0016742755463566743,-0.0044646718334710785,0.0005173141340092723,0.38423575059090137,0.34173754567514325,0.2791038,0.5949300519748698
89,2025-08-22 04:00:00+00:00,0.0001264612231589,1,log_ret_next,-0.004958319163095019,0.00017298228429062513,-0.0023228095,-0.002660312293117398,-0.004433264458664863,-0.0021160893576281686,0.0005325798938096862,-0.0016931842896989071,-0.004517964171414017,0.000525597541885638,0.4090959675164979,0.4350888640221832,0.4488452,0.5551542693477891
90,2025-08-25 04:00:00+00:00,-0.005323902106086,1,log_ret_next,-0.0014077050940010318,-0.0038556035147657526,-0.0016315766,-0.0030787280349535142,0.0013130466573865332,-0.0015981603630114182,0.0005325798938096862,-0.0006650686961354013,-0.0007573472180590097,0.000523262507814524,0.41139700749213653,0.4152631365406411,0.30329663,0.590675695940706
91,2025-08-26 04:00:00+00:00,0.0118764775770181,1,log_ret_next,-0.002747902393297831,-0.0027456787710326636,-0.0025612959,-0.00202602524439091,-0.00336033538305072,-0.0021119790704742553,0.0005325798938096862,-0.002755819338233812,-0.002174184540008099,0.0005239533090586194,0.4240894388058274,0.44051722818776307,0.41452828,0.5649731981698589
92,2025-08-27 04:00:00+00:00,0.0005021875685099,1,log_ret_next,-0.002066156222346516,-0.0037015552847769724,-0.0026142525,-0.0025057456934142242,-0.0033165664519375234,-0.0024098805249304672,0.0005325798938096862,-0.0017316281315028518,-0.00147291248678743,0.0005227002874141685,0.3930961800941311,0.42100059162204073,0.30930012,0.5871653728057313
93,2025-08-28 04:00:00+00:00,0.0080020553774851,1,log_ret_next,-0.0034626563047108604,-0.0019310961064468567,-0.0051785395,-0.0028009222756516976,-0.005530399139110447,-0.003942202606040983,0.0005325798938096862,-0.0024777488542069544,-0.0026284023778139058,0.0005202335154231792,0.4499752460853571,0.40954953001798944,0.27751356,0.6010073830761572
94,2025-08-29 04:00:00+00:00,0.0076295363225439,1,log_ret_next,-0.002170829934539877,-0.00196148442811004,-0.0028740016,-0.0017526950551921148,0.000715656524424287,-0.001945457030373059,0.0005325798938096862,-0.0015986220782413293,-0.0015764056366929674,0.0005243822847200965,0.4445548200566567,0.33822923548152434,0.28512028,0.6000407903653321
95,2025-09-02 04:00:00+00:00,-0.0235717221848683,1,log_ret_next,-0.003291345144335634,-0.0032054502672169893,-0.005331088,-0.005016912465762284,-0.007823316099646196,-0.0034971892691240325,0.0005325798938096862,-0.002701984878511629,-0.0025878022175187224,0.0005167409291606628,0.404239356303381,0.44960340287093087,0.27238715,0.5965339923861841
96,2025-09-03 04:00:00+00:00,-0.0023435107168214,1,log_ret_next,-0.004074280574953592,-0.003486782280288531,-0.006121623,-0.0025171691949205832,-0.0036988118213947055,-0.0034868428169305046,0.0005325798938096862,-0.002256939034837715,-0.003586513007401671,0.0005182252452597461,0.381554968095438,0.27631040623133507,0.2739054,0.5971580685371011
97,2025-09-04 04:00:00+00:00,-0.0258888483149238,1,log_ret_next,-0.0028241799621497657,-0.0020269590263862114,-0.003026393,-0.0005358617093097138,-0.002847703820211259,-0.004043409631645142,0.0005325798938096862,-0.0038599700548422665,-0.0025772118140443795,0.0005254598860659972,0.4763811580805803,0.414647571359145,0.3579318,0.5847294857662851
98,2025-09-05 04:00:00+00:00,0.0022102681853731,1,log_ret_next,-0.003407777132228544,-0.004548636261850381,-0.003232269,-0.0025302392850928414,-0.002917305206093862,-0.003088992137518938,0.0005325798938096862,-0.0028139694703957214,-0.003242357539405512,0.0005212747206442495,0.46474092746835344,0.4559672636405363,0.30831993,0.5944179216072296
99,2025-09-08 04:00:00+00:00,0.0055043410499767,1,log_ret_next,-0.001894977613738801,-0.0023195141305006432,-0.005441572,-0.005578743252736378,-0.0058555915589064535,-0.0040856640183915775,0.0005325798938096862,-0.0010516492124763206,-0.00195683236786018,0.0005165979847880809,0.4376310316029709,0.3531500427751561,0.340543,0.5858980151104322
100,2025-09-09 04:00:00+00:00,0.0188080527164259,1,log_ret_next,-0.002777506110174249,-0.0025730540215950443,-0.0025490997,-0.002799402562240988,-0.0038986274480221897,-0.002471048250976671,0.0005325798938096862,-0.0024922559992778055,-0.0028467038674106415,0.0005232478116904812,0.44048713697967595,0.2878829663071252,0.30159584,0.596716642536891
101,2025-09-10 04:00:00+00:00,0.0029110491813232,1,log_ret_next,-0.004378285071056439,-0.004563329900590134,-0.005509362,-0.00619143158910145,-0.008853418376771467,-0.0038584988006886154,0.0005325798938096862,-0.0029630866665012116,-0.004363551457792008,0.0005142892781658581,0.395573703006704,0.2754509964483008,0.2677277,0.6001289243170069
102,2025-09-11 04:00:00+00:00,-0.0072298571465828,1,log_ret_next,-0.0010875599067068894,-0.0004059548182330614,0.0009255146,-0.00021763360917434756,0.0006356621413683126,-0.001024163241594084,0.0005325798938096862,-0.0005354525069920725,-0.0011556773480884083,0.0005321238518906545,0.44981997677605023,0.31486190196684055,0.33345896,0.5896538068639311
103,2025-09-12 04:00:00+00:00,0.0012721982919898,1,log_ret_next,-0.0013957396015885936,-0.003313232902315139,-0.0020978653,-0.001999443281658854,-0.0034223095460009264,-0.001256703116848986,0.0005325798938096862,-0.0021848709753643043,-0.001362772277741007,0.0005241986169271643,0.43946602703127846,0.5193630653253133,0.33836147,0.5833122427211448
104,2025-09-15 04:00:00+00:00,0.0140762029261603,1,log_ret_next,0.0007308071397249333,-0.004721149798440245,-0.0049637025,-0.0017969969657771715,-0.0016405773437095197,-0.0035449565328735813,0.0005325798938096862,-0.0028346309479989674,0.0006539801291421373,0.0005196762906029816,0.5305782221575036,0.5101862592029525,0.45477712,0.5655342207119902
105,2025-09-16 04:00:00+00:00,0.0034415461579566,1,log_ret_next,-0.002565433405685144,-0.004409531007733477,-0.003267826,-0.0024496990074356646,-0.004913037588528008,-0.0024858228345389483,0.0005325798938096862,-0.0029652776079213015,-0.002487803661553332,0.0005214118546326484,0.4444372627554608,0.4909677397764743,0.58824205,0.5240102631028858
106,2025-09-17 04:00:00+00:00,-0.0078387175573872,1,log_ret_next,-0.001074462542767567,0.0006147487125950537,-0.0015670004,-0.001356750656877414,-0.00336307946294342,-0.001721645631906479,0.0005325798938096862,-0.0027180711882371284,-0.0009399394513644951,0.0005283146508042116,0.5049234469859842,0.5353519753306372,0.59973335,0.5270130119121089
107,2025-09-18 04:00:00+00:00,-0.0166960866613817,1,log_ret_next,-0.001587924801149129,0.0003943607608140106,-0.0018015315,-0.0016702777802915269,-0.00015183272712125307,-0.001886879883349517,0.0005325798938096862,-0.00216770503782621,-0.0013696062236932698,0.000527512782911507,0.46497378305710846,0.3725732013348076,0.41276735,0.571227404177551
108,2025-09-19 04:00:00+00:00,-0.0010248386027905,1,log_ret_next,-0.0003820575844022153,-0.0031673433848623672,-0.0036783423,-0.0023620644856645187,-0.0035608106411952013,-0.0021151075449747305,0.0005325798938096862,-0.0022780183752559944,-0.0005807528408116756,0.0005218273423467643,0.49399953585050116,0.5348421195854514,0.5865802,0.5290226183914661
109,2025-09-22 04:00:00+00:00,0.0087408788909832,1,log_ret_next,0.001823260030049094,-0.0008927199826099315,-0.0011174337,-0.003323874130579515,-0.0009634520549714637,-0.0022779757409946756,0.0005325798938096862,-0.0018369803694965542,0.0016292051281912039,0.000525722955070412,0.5118683644086793,0.43675151118131417,0.44971535,0.5661822138307723
110,2025-09-23 04:00:00+00:00,0.0111183114528865,1,log_ret_next,-0.0038009755612358294,-0.0017773093943573202,-0.0022932596,-0.0027018398381926908,0.0009487330252953368,-0.003341513839248794,0.0005325798938096862,-0.0026589142417684356,-0.003591667785159635,0.0005242411322202288,0.44035382603647044,0.5221777125508651,0.49731112,0.5450841172095342
111,2025-09-24 04:00:00+00:00,0.0096281040174658,1,log_ret_next,-0.004249592237338805,-6.81389743543866e-05,-0.0075293393,-0.003338323521163447,-0.002735837827614021,-0.0033613554435875485,0.0005325798938096862,-0.0023678623028277846,-0.004038937560173856,0.0005178480424277031,0.3977525095621983,0.4367198306377148,0.57131696,0.5240685454867633
112,2025-09-25 04:00:00+00:00,-0.0034903859585795,1,log_ret_next,-0.004066013937655688,-0.0030008852913445054,-0.006555124,-0.001642485510274943,-0.002373836078034059,-0.002183949759473441,0.0005325798938096862,-0.002406333251036118,-0.003707314566388931,0.0005189428676977293,0.3950916801714288,0.33492201416047074,0.35029966,0.579330372346953
113,2025-09-26 04:00:00+00:00,-0.0256765709286331,1,log_ret_next,-0.0039140391593514585,-0.0025361364083414033,-0.003613939,0.0013569025474562243,0.00037933315912641813,-0.0024201515906170533,0.0005325798938096862,-0.0018123790278021285,-0.0033491864667684616,0.0005263932759781123,0.3915686195993005,0.4892900683313789,0.52224755,0.5342876605945888
114,2025-09-29 04:00:00+00:00,-0.0052025650785839,1,log_ret_next,-0.0024672449831281426,-0.003750337362637208,-0.0034215858,-0.004424464256889696,-0.005281737630606144,-0.003649180679535756,0.0005325798938096862,-0.0022540539254102543,-0.0023058985766169137,0.0005195185118977192,0.45584743501011504,0.4570038972115658,0.44188035,0.5615279570179413
115,2025-09-30 04:00:00+00:00,-0.0045824912080611,1,log_ret_next,-0.0003361371517787657,-0.0035314239942727003,-0.0016594074,-0.002305103083426061,-0.0018360127283742695,-0.0023699414188877647,0.0005325798938096862,-0.002027047227000584,-0.00032593645870789565,0.0005242916342733556,0.5069827125743258,0.43219265423143105,0.3614761,0.5868447644601286
116,2025-10-01 04:00:00+00:00,-0.0078585635520545,1,log_ret_next,0.0010598517718528825,0.0003637045307009908,0.009248348,0.0017473488592015425,0.005201319382361862,-4.30267975313766e-05,0.0005325798938096862,-0.0008816776445891394,0.0006711863971894457,0.0005457359345994097,0.529189904963841,0.46139346299500356,0.5485123,0.5436873696206402
117,2025-10-02 04:00:00+00:00,0.0011730286415159,1,log_ret_next,0.0005630860042229669,-0.0018512749457305535,-6.47626e-05,-0.002411532748345048,-2.9537975004599334e-05,-0.0012052175776561262,0.0005325798938096862,-0.002011532064811275,0.00021445383194625394,0.000527435537344579,0.5444872654221194,0.5051514531115613,0.7002818,0.5074340013289838
118,2025-10-03 04:00:00+00:00,0.0030562568831962,1,log_ret_next,0.00012604005105261223,-0.0034306810944783406,-0.0025018887,-0.0060709182173266435,-0.0004170729609757271,-0.002143426290224209,0.0005325798938096862,-0.0022975045066153874,-0.00027621860411100076,0.0005191584764771289,0.5155201052636496,0.4618931589919464,0.5775936,0.5350866415822461
119,2025-10-06 04:00:00+00:00,0.0057618385500658,1,log_ret_next,0.0014365689722515835,-0.0014144010024215586,-7.398515e-05,8.517867702207956e-05,-0.0021800666260245287,0.00015618099629391625,0.0005325798938096862,-0.0018757472716929666,0.0011736294558405387,0.0005304409648249249,0.5288122261988542,0.5170416018580579,0.6080844,0.5279984968910264
120,2025-10-07 04:00:00+00:00,-0.0075813782462466,1,log_ret_next,0.0010410096549568963,-0.004661996665831671,-0.00037795954,-0.0018128667308617609,-0.003345541443328483,-0.0026663759802454615,0.0005325798938096862,-0.0023656916775363574,0.0006264850452204011,0.0005257290635450976,0.5493445192964753,0.5287999471556223,0.57197297,0.5388390319858879
121,2025-10-08 04:00:00+00:00,-0.0137535747965731,1,log_ret_next,0.0006508787615226703,-0.0029653986139509436,-0.0020171872,-0.0026823749587762433,-0.0036527971392337462,-0.0014435595910895216,0.0005325798938096862,-0.0021557558402689435,0.000461090345251489,0.0005238028035269107,0.5282225887403627,0.5887579281506833,0.6598845,0.5138042798653023
122,2025-10-09 04:00:00+00:00,-0.0182344636249498,1,log_ret_next,-0.00018300998213611986,-0.0012431042939441866,-0.00042648517,-0.0013871807519792408,-0.0029170902383706026,-0.0027546369194610437,0.0005325798938096862,-0.002597365874478683,-0.0006442951139359171,0.0005284949364597405,0.5093249089229717,0.5156866737826181,0.53507507,0.5436566010234835
123,2025-10-10 04:00:00+00:00,0.0202107474332017,1,log_ret_next,0.0006010313531245457,0.0011679111317634949,-0.0005923287,-0.0012222301556126002,-0.0038168122208146367,-0.002052086037814905,0.0005325798938096862,-0.0017636050596365987,0.0003288752249785468,0.0005301253134223311,0.5355347895211712,0.626446362263055,0.63909996,0.518932288526453
124,2025-10-13 04:00:00+00:00,0.0029574284861201,1,log_ret_next,-0.003052083154502795,0.001740846649418393,-0.0022667404,-0.0019514130030823663,-0.0007827305489468507,-0.0011164068740619083,0.0005325798938096862,-0.001673107651744026,-0.002896719602213473,0.0005275275349991216,0.43139345924947603,0.6174620063158994,0.6504064,0.5047630399074072
125,2025-10-14 04:00:00+00:00,-0.0018391221934937,1,log_ret_next,-0.0007193383731256361,-0.0016681050760679857,-0.00016335948,-0.002866573373062128,0.0005377780663287011,-0.0012453859992759423,0.0005325798938096862,-0.0019817599311302988,-0.0011244819570906104,0.0005269378602251961,0.5146799206134686,0.5303895348566114,0.54149896,0.5423879920016879
126,2025-10-15 04:00:00+00:00,-0.002633169364711,2,log_ret_next,-0.0015917645043123983,-0.0021073650170668388,0.0021811815,-0.0029263883414634415,-3.7610527601172767e-05,0.0002584165065212259,0.0004998165382845912,-0.00166196867150571,-0.001328596427693353,0.0004859465975012486,0.4443947283175374,0.42273559298820984,0.5227599,0.5503635188992969
127,2025-10-16 04:00:00+00:00,0.0089899124193741,2,log_ret_next,0.00040685600012205637,-0.0003177880759035832,-0.0009971734,-0.0002542368514974723,0.001556084406042827,-0.0011537384549255103,0.0004998165382845912,-0.0016952960194140188,0.00021808008642100268,0.0004963515934399919,0.4679351432093768,0.40740393147828086,0.5195033,0.5565469435007662
128,2025-10-17 04:00:00+00:00,0.0091039789067931,2,log_ret_next,-0.0002655099671510224,-0.000888585308307974,0.002886511,0.0018699284428720687,0.004251261433103068,0.0015014253658447334,0.0004998165382845912,-0.0006325329707570871,-0.00030066567551541323,0.0005090608079664739,0.4318139255373879,0.5903031421825449,0.5313301,0.5346026270486001
129,2025-10-20 04:00:00+00:00,-0.0044766887158656,2,log_ret_next,0.0002889993547529827,-0.003489097165606481,0.00029782933,-0.002405030775024858,-0.0007770299359050658,-0.0020028246706173874,0.0004998165382845912,-0.0012668121172659638,0.001327565897130342,0.0004730782308453196,0.49837758632764356,0.49288387873346146,0.5286253,0.5550943844980919
130,2025-10-21 04:00:00+00:00,0.0115078556005826,2,log_ret_next,-0.002676248060653915,-0.000689591359009789,-0.0024202815,-0.0008652281157065613,-0.0018482111382271532,-0.0033199099858065035,0.0004998165382845912,-0.001958557580485951,-0.0019707574905150254,0.0004883163226184984,0.44496147866587965,0.35721612729065305,0.39503315,0.5733655906090185
131,2025-10-22 04:00:00+00:00,0.0063434887590254,2,log_ret_next,-0.004407439802644794,-0.004217850768690169,-0.00013774841,-0.002053662367407119,-0.0012664492437566663,-0.003128490527556114,0.0004998165382845912,-0.0020797981170548245,-0.0036651116917574755,0.0004680317531734729,0.4064684306816843,0.5128767414537161,0.482309,0.542237122146215
132,2025-10-23 04:00:00+00:00,-0.0064078864729188,2,log_ret_next,-0.0037026488383558875,-0.009198952657659604,-0.0077491147,-0.0027210692537657857,-0.003677328801887024,-0.0031450334488085084,0.0004998165382845912,-0.002979347982769681,-0.00298514691228852,0.0004124130126043786,0.41057835315745306,0.30850691799550595,0.36343855,0.5746186267755745
133,2025-10-24 04:00:00+00:00,-0.0018015106742377,2,log_ret_next,-0.0013441097299750331,-0.004758698227523302,-0.005365565,-0.005664853609874956,-0.0037532386390539433,-0.002514746492469257,0.0004998165382845912,-0.0022279631171272293,-0.0011347069785324765,0.00044022056071358565,0.44208521754449864,0.36799309983497935,0.40015554,0.5713157039890293
134,2025-10-27 04:00:00+00:00,-0.0074334442497332,2,log_ret_next,-0.0009075974204890776,-0.0010010408623920856,-0.0007418195,-0.0023966329361981512,-0.0025200197113446473,-0.0011207167500857196,0.0004998165382845912,-0.002264874724328558,-0.0007999822419131234,0.0004866763507379233,0.45962595244069987,0.4530329990764574,0.44498095,0.5623069670725259
135,2025-10-28 04:00:00+00:00,0.0062735925722735,2,log_ret_next,-0.00044168332618581437,-0.002386636636875756,-0.001051266,-0.0035558183683880177,-0.004786916042744302,-0.0013224982300396161,0.0004998165382845912,-0.0025717995072616225,-0.0006376114170042561,0.00047350380649053945,0.48489910785333357,0.49439691925808804,0.3759012,0.5741113869954524
136,2025-10-29 04:00:00+00:00,-0.0102392028577285,2,log_ret_next,-0.0018583328802416297,-0.000629681263919562,-0.0014989739,-0.005209883166582769,-0.004743368522037652,-0.0018656184082242715,0.0004998165382845912,-0.0022862910683191626,-0.0015327296319846864,0.0004793486802939476,0.4633647916492808,0.4892927662986024,0.56999785,0.5425320684342139
137,2025-10-30 04:00:00+00:00,0.0269904614795843,2,log_ret_next,-0.000277664876936336,-4.822047087374337e-05,-0.001620526,-0.005649051256334663,-0.006038686132842868,-0.0015842754411373632,0.0004998165382845912,-0.0018768811678648635,-0.00010483822332969437,0.00048165240912944246,0.46730310435840966,0.4161575152299292,0.55784947,0.5503038289208355
138,2025-10-31 04:00:00+00:00,-0.0236090875083434,2,log_ret_next,-0.0035024412100558636,-0.0029979011373167798,-0.0005692432,-0.007703974938573507,-0.000716765911054276,-0.0018085728999371982,0.0004998165382845912,-0.0008155852664123674,-0.002776827553777692,0.0004594357905134909,0.3859721170227727,0.31321211565851553,0.33704454,0.5732483604223784
139,2025-11-03 05:00:00+00:00,-0.0042285323964587,2,log_ret_next,-0.002247608929601886,-0.004344409433080837,-0.007670706,-0.016854638204955225,-0.007603431104810937,-0.0036125214034750577,0.0004998165382845912,-0.001592892003265327,-0.0026131434370090354,0.00040599614494637136,0.41495479038552624,0.22886186112217297,0.22532015,0.6004443517337522
140,2025-11-04 05:00:00+00:00,-0.0047705202728341,2,log_ret_next,-0.005696410712596037,-0.00017713408956498478,-0.0036730338,-0.0025650648460765033,-0.003532066514123466,-0.0017988568858010507,0.0004998165382845912,-0.0012288690700385542,-0.005615083951753958,0.00048360741312859627,0.37570880605099555,0.35925070698567607,0.42128432,0.5559665994024501
141,2025-11-05 05:00:00+00:00,0.0018325023784962,2,log_ret_next,-0.0017256947811051606,0.0007627369091149491,-0.0021284565,-0.003307991055912283,-4.198696341141084e-05,-0.0014951771423141504,0.0004998165382845912,-0.0012877910344348542,-0.0017486453256851187,0.0004920212403672117,0.44353410916731784,0.5269226856925069,0.5157528,0.5437204175371977
142,2025-11-06 05:00:00+00:00,0.0135085244194488,2,log_ret_next,-0.002102271326877064,0.00032347041154132334,-0.00031972496,-0.0002198761709226525,0.00015562418639221952,-0.0005203586148658879,0.0004998165382845912,-0.0011360237187691114,-0.0022697440693755467,0.0005025403152272452,0.4659800730458638,0.5168055149816191,0.55516315,0.543202614639493
143,2025-11-07 05:00:00+00:00,0.0040556463224277,2,log_ret_next,0.0022968422778384583,0.0040315321847823335,0.006327937,0.0063188432618915364,0.009792806149176693,0.0010440373776750458,0.0004998165382845912,-0.0005081391149762401,0.0022955903855873118,0.0005631784666378836,0.559920903345818,0.6427493103200212,0.7516165,0.5243519207688563
144,2025-11-10 05:00:00+00:00,0.0037834175304508,2,log_ret_next,0.0020433053664684424,-0.0048421085275554875,-0.0016812349,0.00023796949797726867,-0.0015375291941382857,-0.00033479465467209737,0.0004998165382845912,-1.1837939256177306e-06,0.001534237065722411,0.0004659444607662203,0.5055374768299229,0.4712751860054803,0.3660535,0.5811359653753776
145,2025-11-11 05:00:00+00:00,-0.0188660378610331,2,log_ret_next,-0.00012433179733543952,-0.004355885559782927,-0.0046226215,-0.005921260107040924,-0.0025154283926391184,-0.002412445753709053,0.0004998165382845912,-0.002913241695005154,-0.00013563192639450526,0.0004442186090349719,0.4805130989463441,0.3885999353836204,0.32946458,0.5872792485000324
146,2025-11-12 05:00:00+00:00,0.0146327821140716,2,log_ret_next,0.00012323237259203625,-0.0007657219349479401,0.0008836432,-0.0016730947081239566,0.004469474006765796,-0.0011592635262993474,0.0004998165382845912,-0.0014818972229675073,-0.00022677890976664458,0.0004946740600542006,0.48330978469810604,0.4422931728098275,0.60331434,0.5450489724167095
147,2025-11-13 05:00:00+00:00,0.0130270126096061,2,log_ret_next,0.0011269465784443469,0.001519434526148593,-0.0015155935,-0.003343888062669405,-0.002280655273842085,-0.0010631054255495662,0.0004998165382845912,-0.0010243795701031437,0.0006183242843772409,0.0004986026000556956,0.4842853041619573,0.3835831973814567,0.4135391,0.5765077049718493
148,2025-11-14 05:00:00+00:00,-0.0179238242947152,2,log_ret_next,-0.0030514196342353913,-0.0030950814633181733,-0.002750286,-0.006407713356995454,-0.00017926951854242072,-0.00244468197378055,0.0004998165382845912,-0.0011945620232318563,-0.0026387647797790773,0.0004563537286388393,0.44632709322140773,0.43783639294174775,0.4263839,0.5634441799741785
149,2025-11-17 05:00:00+00:00,0.003325346123718,2,log_ret_next,-0.00452607165231377,-0.0008631899205075514,-0.0025205952,-0.002357041002118097,-0.0008093465181795868,-0.0020921956050276164,0.0004998165382845912,-0.0010068405673122267,-0.004427104781566538,0.00048281086832311607,0.41202319056393816,0.3927142156422068,0.4097651,0.5623293244729384
150,2025-11-18 05:00:00+00:00,-0.0125771202785417,2,log_ret_next,-0.0025819110824788485,-0.0034050434774983572,-0.0054189935,-0.009691181305526087,-0.002551008629480577,-0.0033603483727203017,0.0004998165382845912,-0.002668469400736589,-0.002412284009064584,0.00043799107424966977,0.42374938503205456,0.23792989766446773,0.3528149,0.5836521354521765
151,2025-11-19 05:00:00+00:00,-0.0092051044902276,2,log_ret_next,6.414785155251738e-07,-0.002413168604597168,-0.0048209885,-0.007379164678154435,-0.0011818833505144472,-0.0021516685736512335,0.0004998165382845912,-0.0014001087109250078,-0.0006911593917091234,0.00045251175768518305,0.46304585007116367,0.4677738029457361,0.47929376,0.5570230050168985
152,2025-11-20 05:00:00+00:00,-0.002197838605237,2,log_ret_next,0.0001395391737691032,-0.0020889587177129313,-0.002929953,-0.0037553109368570056,-0.004545425847014404,-0.002335122008834425,0.0004998165382845912,-0.0005001426399410576,0.0004296245736134188,0.00046976493470259474,0.5233253607388284,0.4634552540228909,0.5225934,0.5629409286060155
153,2025-11-21 05:00:00+00:00,-0.0015346885269957,2,log_ret_next,0.00353618021933998,-0.0018839902946173512,-0.0012137747,-0.0034935402190367708,0.0022409941446776653,0.0019521476784873373,0.0004998165382845912,-0.0005083544083032895,0.002714146544517994,0.0004765472779073119,0.5714487840659738,0.5497069118716857,0.68709755,0.5426430075842209
154,2025-11-24 05:00:00+00:00,-0.0081803452903769,2,log_ret_next,0.002228756651718034,-0.0035186593376840486,0.0013326571,-0.00021450081644404227,-2.4653658035382324e-05,-0.00022285398432181347,0.0004998165382845912,-0.0008082815163568407,0.001970013847934776,0.0004817207600618229,0.5671960633402389,0.5146362846761503,0.55821556,0.5627830036027766
155,2025-11-25 05:00:00+00:00,0.0065763130464356,2,log_ret_next,0.006082150728106662,-0.0042079977625721875,-0.003671544,-0.0038322944087524433,-0.004470503604217027,-0.0025154102179315873,0.0004998165382845912,-0.001780378633285658,0.005492175379980274,0.0004535249420788649,0.6208176655312397,0.49749271434652004,0.44614694,0.5902390801596941
156,2025-11-26 05:00:00+00:00,0.0107772358340094,2,log_ret_next,0.003160544490495878,-0.0028536419677136775,-0.00307384,-0.0045930104662980555,-0.004022733063032144,-0.001101853386190674,0.0004998165382845912,-0.002053602862695397,0.0028456068134951537,0.0004620271872502109,0.5646900751658334,0.45498615133399073,0.44008526,0.5832718325413041
157,2025-11-28 05:00:00+00:00,0.009286303889466,2,log_ret_next,0.0021571119020773926,-0.0006837890907854922,0.0020429448,-0.0024953917649870113,0.002085484712144143,0.0006649370679722315,0.0004998165382845912,-0.0001694674972639908,0.0019517271399533908,0.0004961473651118759,0.5441145196990134,0.5480460259600649,0.57962406,0.5528150095815754
158,2025-12-01 05:00:00+00:00,-0.0151262282409432,2,log_ret_next,-0.0005503540476145252,-0.0032517775242850893,-0.0066252607,-0.0018650955648417628,-0.0017286095875110093,-0.002241496994123414,0.0004998165382845912,-0.001655134622836214,-0.00043922647752531565,0.00045711398110447217,0.5374002315723128,0.43445754042744256,0.40314364,0.5846541763695325
159,2025-12-02 05:00:00+00:00,0.0088789864570946,2,log_ret_next,0.0004992824530091523,-0.0010584839159768506,-0.0032549063,-0.0046162110431396996,5.620232087003744e-05,-0.0014697742356775084,0.0004998165382845912,-0.0013291465725418755,0.00026668015710760686,0.0004733207723185533,0.4905837236392664,0.40604979652360357,0.44592485,0.5715494730474714
160,2025-12-03 05:00:00+00:00,0.0044100023181163,2,log_ret_next,0.0015752216585722058,-0.003507829534923294,-0.00023730156,-0.001303611654903272,-0.0012271928751690538,-0.001515952577936958,0.0004998165382845912,-0.001057595906495331,0.0011297776666306754,0.00047450017667787555,0.4947988696976711,0.38735553819024365,0.3238032,0.5909063028136474
161,2025-12-04 05:00:00+00:00,-0.0149542395513392,2,log_ret_next,1.803628096163929e-05,-0.001178705768400856,-0.0012013711,-0.0018307007163085962,0.0001768391472105839,-0.0017727789335062688,0.0004998165382845912,-0.0011601638265359504,0.0004743406252407878,0.0004857904843184957,0.49776991246903146,0.45714841443743526,0.4910781,0.562892069121472
162,2025-12-05 05:00:00+00:00,-0.0086371482003575,2,log_ret_next,-0.0009233426319957487,0.0005476281963092175,-0.002150217,-0.001747978073928881,-0.0007605683498883079,-0.000980672184229962,0.0004998165382845912,-0.0012682981078451846,-0.0007805613007392868,0.0004948113780981942,0.5059396943148773,0.5659593636347092,0.57849234,0.5441861686698881
163,2025-12-08 05:00:00+00:00,-0.0014804593101699,2,log_ret_next,0.001845081442559483,-0.0008690500446552508,0.00017642602,-0.0010694787293458142,-0.0008833309292855155,-0.0016013513985395239,0.0004998165382845912,-0.0012013203452158527,0.0014812749647051906,0.0004937021897724328,0.5087438053933921,0.44427673255068284,0.49122685,0.5659298591278384
164,2025-12-09 05:00:00+00:00,0.0194737462133362,2,log_ret_next,-0.0007064417343719336,-0.004131015503627635,-0.0058729923,-0.003396541700335461,-0.0048557335646943625,-0.001741916250046161,0.0004998165382845912,-0.0007987675319882973,-0.0005446819016993249,0.0004491813857027326,0.4657222636125131,0.4191748195899578,0.38489923,0.5744425868256402
165,2025-12-10 05:00:00+00:00,-0.0045676016886445,2,log_ret_next,-0.001460325515489651,0.0016545260339874178,-0.0010300229,-0.0005112853121874741,-0.00040239363307601654,-9.604722194544015e-05,0.0004998165382845912,-0.0007644787271739768,-0.0014371525387649607,0.000508581864770578,0.468162539949069,0.5012395923704827,0.55578977,0.5446612191675038
166,2025-12-11 05:00:00+00:00,-0.0048552047594551,2,log_ret_next,-0.0012428953780859815,0.0003681144937189461,-3.693134e-05,0.0042926067451374015,0.0027636186753011087,-0.0007936241639507455,0.0004998165382845912,7.710002311063458e-05,-0.0011090457713852104,0.0005159640023403762,0.44506184394617887,0.5266980325335063,0.4441519,0.5543106215706851
167,2025-12-12 05:00:00+00:00,-0.001267532364905,2,log_ret_next,-0.002475461704749854,-0.0021389652284118394,-0.0025724063,-0.004485858504789165,-0.0025465857589834153,-0.0006060954976713823,0.0004998165382845912,-0.000964904219244888,-0.0020852745465887476,0.0004684166808420522,0.41781086983307975,0.3892613457075413,0.45349666,0.5574631074076524
168,2025-12-15 05:00:00+00:00,-0.0205706753510499,2,log_ret_next,-0.0036141623293278495,-0.0009802553424461211,-0.0010618012,-0.0001764828527468063,-0.004501505983809944,-0.0005223397949645798,0.0004998165382845912,-0.0027412243862533457,-0.0032920993779201515,0.0004920124009022948,0.4411281025028397,0.5874708488314139,0.67945904,0.5152456542863676
169,2025-12-16 05:00:00+00:00,0.0186997995822885,2,log_ret_next,0.000411352145408216,0.0010097219337774957,0.0014359462,0.0019884617904011846,0.004420735236184015,0.0012292810730304285,0.0004998165382845912,-0.0003386854265163081,6.6843595116578e-05,0.0005179377318998617,0.4594019093727126,0.4655496985815185,0.6514167,0.53172932354302
170,2025-12-17 05:00:00+00:00,-0.0123146761248962,2,log_ret_next,0.0016003203146526385,0.0007411874340545799,0.005390372,0.0041398490590976505,-0.0012671988005586103,-0.000852621319875157,0.0004998165382845912,-0.0009612913148068924,0.0018297927071637618,0.0005329116870922959,0.524320088291014,0.4838869099107649,0.5968172,0.5510615197805813
171,2025-12-18 05:00:00+00:00,0.0004060625729056,2,log_ret_next,-0.0005459350841144439,0.001349284488914073,0.0030169457,0.0024938854120835825,0.005124362434384482,0.0010447821063685875,0.0004998165382845912,0.001429514262385308,-0.0006871161223761319,0.0005259046605123657,0.47389120956668324,0.4854006706254841,0.56980944,0.5449123655405385
172,2025-12-19 05:00:00+00:00,0.013779489320752,2,log_ret_next,-0.0004679411439861772,-0.0013885461473703343,-0.0012152477,0.000639050765620732,-0.0012531511029771599,-0.0003459218958276417,0.0004998165382845912,-0.00013846905487370032,-0.0006855024948527404,0.0004911273606278224,0.49568715772044897,0.47899019757878797,0.540095,0.5539191193057739
173,2025-12-22 05:00:00+00:00,0.0047283750512132,2,log_ret_next,0.003504848618468251,3.071684823838252e-06,0.00038494065,0.0014077291498150782,0.0013664555628467093,0.0010066290287952054,0.0004998165382845912,-0.00024685605991486994,0.0026409381521745427,0.0005068148178680729,0.4951762063626981,0.5841957045612345,0.546394,0.545369710102182
174,2025-12-23 05:00:00+00:00,-6.633946027094347e-05,2,log_ret_next,-0.005471412987279512,-0.0004200555410595715,-0.004679735,-0.0038248865382465424,-0.008138880617677357,-0.003340144311363606,0.0004998165382845912,-0.001798741287799857,-0.0050636667531429105,0.00047579048147913496,0.38703201004441934,0.4815379459619676,0.4591431,0.5439924363201714
175,2025-12-24 05:00:00+00:00,-0.0031945133224469,2,log_ret_next,-0.0013458182561485778,0.00020517342265667922,-0.002397686,-0.0010275254172702863,-0.004418755933809493,-0.000835317820452192,0.0004998165382845912,-0.0011865858034311317,-0.000972856527084295,0.0004938426444008317,0.47887779898639976,0.4385063417329419,0.5488674,0.5522629839890766
176,2025-12-26 05:00:00+00:00,0.0064449827726338,2,log_ret_next,-0.0013011697062081363,-0.0029519659726496895,-0.0021390878,-0.002229332591990296,-0.003289841722436571,-0.0009309113395759305,0.0004998165382845912,-0.0008935211535665787,-0.001232011891805111,0.00047041483493699427,0.4320623446051862,0.4768671605862801,0.47424197,0.5510172541962
177,2025-12-29 05:00:00+00:00,0.0087042607555205,2,log_ret_next,-0.003962872896341609,-0.002627915287077864,-0.0010896607,-0.0007460036818021956,-0.0034014626621186547,-0.001612993596852129,0.0004998165382845912,-0.0007563286350352708,-0.003200248372915394,0.0004794966422898431,0.4197921497227405,0.465649926192355,0.46863094,0.5502155003659311
178,2025-12-30 05:00:00+00:00,0.0006564301490318,2,log_ret_next,-0.0034732831330768817,-0.0008580610980763847,-0.0020838976,-0.0004315138639618041,-0.0013582778487440158,-0.0018846844639008767,0.0004998165382845912,-0.001088515740147657,-0.002597658476292132,0.0004893147214210552,0.4397670855289799,0.5468002769251248,0.6258929,0.5256645938283527
179,2025-12-31 05:00:00+00:00,0.0226404299289866,2,log_ret_next,-0.0023402104927604207,-0.00045231496568639217,0.0033555538,0.002965100664406848,0.004218436422735195,0.0014906161522899647,0.0004998165382845912,-0.0002542743572637659,-0.0015830540070615965,0.0005162275046817748,0.4142343546330076,0.48384883704918685,0.6693711,0.5188707843790974
180,2026-01-02 05:00:00+00:00,0.0497367098572319,2,log_ret_next,-0.0043109535439454765,-0.007471001293537886,-0.005822546,-0.008693720690638633,-0.0006700531767087067,-0.00011814824950599095,0.0004998165382845912,-0.0017778966905694477,-0.003914484278582295,0.00041276401843788705,0.3972166837780864,0.4979217975089704,0.47235727,0.5429208593443516
181,2026-01-05 05:00:00+00:00,-0.0456398890194678,2,log_ret_next,-0.0062524181998128816,-0.004858406477326173,-0.004862893,-0.0018963988357867977,-0.002947890620618896,-0.002415679794585458,0.0004998165382845912,-0.0026370998340757503,-0.00581788379988226,0.0004512580743603889,0.31178240773278976,0.43502808141357263,0.49289688,0.527620449841148
182,2026-01-06 05:00:00+00:00,-0.0085969120346583,2,log_ret_next,-0.00094717753119144,-0.007183697524088916,-0.0067120944,-0.01512441284961006,-0.011105025104935776,-0.006093194954403952,0.0004998165382845912,-0.015095182695838205,-0.0016599411378197975,0.00039461544177676975,0.30993186705832476,0.41202761608412714,0.24059168,0.5651303203981051
183,2026-01-07 05:00:00+00:00,0.0257606369235297,2,log_ret_next,-0.008455049418693635,-0.013191669005148074,-0.013504719,-0.012485986534672259,-0.015747428269795107,-0.009413235156386493,0.0004998165382845912,-0.013230981979497892,-0.008824544630380158,0.0003435132262568884,0.25670550737043174,0.3719852750496029,0.20410663,0.56279084753568
184,2026-01-08 05:00:00+00:00,0.0177999007560666,2,log_ret_next,-0.006395291409898559,-0.012580307564307478,-0.01414441,-0.014288292382090513,-0.01573915760917136,-0.006941400093247426,0.0004998165382845912,-0.015305640110403758,-0.006207410191360904,0.0003408602709305508,0.285157165692555,0.4220875841757666,0.3550457,0.5431658369607087
185,2026-01-09 05:00:00+00:00,0.0014176648937301,2,log_ret_next,-0.010332983658671913,-0.021392930494348702,-0.008849868,-0.010593648928759013,-0.017765686536644364,-0.010891519877216174,0.0004998165382845912,-0.01749792425139627,-0.010287745876124453,0.0003073177972844687,0.29285976646207806,0.4672896345563143,0.37124133,0.5391016954483089
186,2026-01-12 05:00:00+00:00,0.0093805577677062,2,log_ret_next,-0.0067915309484386874,-0.01030468534537684,-0.017652353,-0.015397837793705902,-0.018754962444087593,-0.00797968149761149,0.0004998165382845912,-0.018057903840495798,-0.006006277629007673,0.0003432179210971688,0.3491235288212156,0.41292226685206607,0.2716814,0.5682832007419282
187,2026-01-13 05:00:00+00:00,0.0203565917536918,2,log_ret_next,-0.00404620165601763,-0.006887168490984263,-0.005991499,-0.00942502794785791,-0.008570569675158127,-0.0011887993127185303,0.0004998165382845912,-0.00744694840190287,-0.004226791989845926,0.00041415356073712405,0.3596455961802175,0.5098829427164406,0.39609173,0.5456251810465402
188,2026-01-14 05:00:00+00:00,-0.0064788003994032,2,log_ret_next,-0.000982424709148496,-0.013960787169220707,-0.01567185,-0.014276725346340927,-0.010059057176694539,-0.004266205269671693,0.0004998165382845912,-0.009967087595581797,-0.0011936371913083828,0.000327581949209834,0.45061737055923723,0.486745103265461,0.34069282,0.5729870045249756
189,2026-01-15 05:00:00+00:00,0.0006016382168523,3,log_ret_next,-0.0012737908694406713,-0.002936548641104978,0.003556194,-0.003632783998050538,0.0013540264768212953,-0.0004641253007324868,0.0004422795527098427,-0.002726005048871177,-0.0015048128050322383,0.0004268380894772859,0.4333763590777647,0.4626251344022254,0.6158224,0.5048272996132678
190,2026-01-16 05:00:00+00:00,-0.0057908169182598,3,log_ret_next,-0.004564193876431189,-0.0027977385687743294,-0.0019217029,-0.0034461414580488708,-0.004053855971006326,-0.004059027166553976,0.0004422795527098427,-0.00633871032941005,-0.005443941114465957,0.0004059046693418784,0.4630492620374225,0.4536251899322014,0.48465362,0.5286412231588042
191,2026-01-20 05:00:00+00:00,0.0086136780577819,3,log_ret_next,-0.004405036144140703,0.0011629006521436118,0.0009084807,-0.005301936731644506,-0.002163668224832255,-0.0032317289101852307,0.0004422795527098427,-0.0032473397878681975,-0.00516592942677344,0.0004265365387027969,0.4341717784351477,0.5734393242023683,0.6877061,0.5272019399437347
192,2026-01-21 05:00:00+00:00,-0.0004198289854763,3,log_ret_next,-0.0046549650718492736,-0.004240126552364349,-0.0019522151,-0.007797498076536871,-0.004066184381536188,-0.0032645920797224597,0.0004422795527098427,-0.00037165543691394104,-0.005315159934066483,0.0003818624238474507,0.428282886822483,0.52689859360807,0.4317151,0.5658497304967975
193,2026-01-22 05:00:00+00:00,0.0003599434223336,3,log_ret_next,-0.0023983658930232664,-0.0003476061186357635,-0.001004782,-0.0032599867529335058,-0.0015034398926005099,-0.0029022816131480025,0.0004422795527098427,-0.0027667119137566145,-0.0033345061481099814,0.00042074208277176263,0.479544120050197,0.40698180421543867,0.4621735,0.5169573843400643
194,2026-01-23 05:00:00+00:00,0.004667512651676,3,log_ret_next,-0.0045061813380577595,-0.0020936519569773795,-0.0015614603,-0.005143428093420896,-0.0043757130493578995,-0.003824777250292703,0.0004422795527098427,-0.0022335247973269625,-0.005344468043311385,0.0004033887822665615,0.43395411503629255,0.366137678822627,0.43296015,0.5109524545955023
195,2026-01-26 05:00:00+00:00,0.0092112033005348,3,log_ret_next,-0.004822305882660768,-0.007985364637033567,-0.0037481051,-0.006968814306039246,-0.0049321055063831255,-0.0017875349094841333,0.0004422795527098427,-0.0077553600208229104,-0.0053891505641896235,0.0003621392722850377,0.4194528826789278,0.5224239867036123,0.55887145,0.5378130422468853
196,2026-01-27 05:00:00+00:00,0.0051920603284065,3,log_ret_next,-0.004525494298732323,-0.013536538298435293,-0.010388019,-0.016171758304766158,-0.010927869125533564,-0.0032518180913599848,0.0004422795527098427,-0.013071201583556761,-0.004353697714369034,0.00027398445719385917,0.4746632761873567,0.40498049609600484,0.5247495,0.5031008694912479
197,2026-01-28 05:00:00+00:00,0.0073875171179639,3,log_ret_next,-0.008050853603731057,-0.015135516661853808,-0.010081888,-0.0104019873495648,-0.010262751912235319,-0.006418421119781261,0.0004422795527098427,-0.0130384595600999,-0.007931683739486238,0.00029211851600615996,0.37758182232415755,0.39949178763435655,0.28511253,0.5557329827398354
198,2026-01-29 05:00:00+00:00,0.0328105180859242,3,log_ret_next,-0.00871203150609026,-0.01175638165202509,-0.014202964,-0.01146779467751945,-0.016636460974315318,-0.007395442831086816,0.0004422795527098427,-0.00807311607566802,-0.008458484930812997,0.0002852540830575886,0.4109556807589385,0.4327441200059868,0.3461359,0.5528468416579649
199,2026-01-30 05:00:00+00:00,-0.0163568856576392,3,log_ret_next,-0.007704314102106577,-0.011903545936965838,-0.005166064,0.00216190717983945,-0.012659642291014492,-0.003718077432225751,0.0004422795527098427,-0.00833994946711722,-0.006916677430603635,0.00037723822572472993,0.39821511523354763,0.5737033111065724,0.3999197,0.5891234098298844
200,2026-02-02 05:00:00+00:00,0.0227805053136385,3,log_ret_next,-0.009119830556934888,-0.007902236292764101,-0.014113868,-0.007710738404173736,-0.01782101658939012,-0.0025189730189505996,0.0004422795527098427,-0.009541497486303046,-0.008772129799063328,0.00031728233035994025,0.3209878206586538,0.4807063826876341,0.3671727,0.5677948020747526
201,2026-02-03 05:00:00+00:00,0.0177586521119807,3,log_ret_next,-0.012131003551082438,-0.007012424256878479,-0.02323342,-0.01451210592823139,-0.02081833710095603,-0.0074951032595262,0.0004422795527098427,-0.013183933126086456,-0.012553514027696838,0.0002560743165494247,0.30999120792173046,0.38718736404706783,0.23678905,0.5642184299535689
202,2026-02-04 05:00:00+00:00,-0.0110970268191014,3,log_ret_next,-0.009374964072353302,-0.007739871124095274,-0.009767951,-0.0046582645944314586,-0.007691723133789517,0.000599407044994175,0.0004422795527098427,-0.01315047345806496,-0.008977487448409944,0.0003481536242620643,0.2902113143873489,0.5017619638485539,0.38904995,0.5713639748134585
203,2026-02-05 05:00:00+00:00,0.009053370272806,3,log_ret_next,-0.009523821214691931,-0.005854446020889328,-0.001913219,-0.0031308079340591987,-0.009074472609882294,-0.00024086982823942203,0.0004422795527098427,-0.009627788115255394,-0.009329628597660027,0.00039432549496507815,0.32780384481197766,0.5953118352356634,0.55114716,0.567343603560391
204,2026-02-06 05:00:00+00:00,0.0095748068193522,3,log_ret_next,-0.01187179506432106,-0.008981915451740685,-0.008295876,-0.007200454891406931,-0.006316374462801116,0.0005358689705085521,0.0004422795527098427,-0.00829407268928315,-0.01283212179598038,0.0003384822627786909,0.2929906376719994,0.5142015249132793,0.5227006,0.5473160463169696
205,2026-02-09 05:00:00+00:00,-0.001863781519954,3,log_ret_next,-0.01090184877649704,-0.005933370180386401,-0.011242447,-0.012387821568858244,-0.013882889259954019,-0.0037498642048517244,0.0004422795527098427,-0.010728529430362932,-0.011825596203540106,0.0003181132328636474,0.3304838943441697,0.46590308189392643,0.38659638,0.5584039594202109
206,2026-02-10 05:00:00+00:00,0.0193442270386701,3,log_ret_next,-0.011410448477332098,-0.008735445912586742,-0.012638465,-0.01036447561422157,-0.010132008844800856,-0.005240536465989233,0.0004422795527098427,-0.012595030686576428,-0.012010837491487257,0.0003088936117308669,0.2917748020576763,0.45596130381969646,0.36891195,0.56018920765629
207,2026-02-11 05:00:00+00:00,-0.0185764016385412,3,log_ret_next,-0.012130530095164791,-0.009090202998000146,-0.01116696,-0.013232430270868572,-0.008312803138375817,-0.003904168191948545,0.0004422795527098427,-0.01116847232214418,-0.012970665844230336,0.00030163141335364804,0.3323330270618148,0.5019718230722241,0.40286928,0.5670199961707932
208,2026-02-12 05:00:00+00:00,0.0073196798584549,3,log_ret_next,-0.012510895705864672,-0.006143256549345996,-0.0060837353,-0.012177921296224156,-0.009652111774986072,-0.0038518090063376243,0.0004422795527098427,-0.006805869700699105,-0.013578396784137808,0.00033907281639408915,0.29327228606624395,0.5206330926633689,0.3901876,0.577307478694583
209,2026-02-13 05:00:00+00:00,-0.0077791549732621,3,log_ret_next,-0.012913524564967539,-0.004684793850650346,-0.0036501945,-0.0026675611521123424,-0.007415256469505886,-0.004359334444020669,0.0004422795527098427,-0.00758807028375742,-0.013839514357020794,0.0003940958089803776,0.28683928195706765,0.5378442181117186,0.49368945,0.5616236665152926
210,2026-02-17 05:00:00+00:00,0.0182211949839331,3,log_ret_next,-0.010442847570282634,-0.002483696215841221,0.0009709183,0.00401262134797756,-0.0024094735818596,-0.003660540148757995,0.0004422795527098427,-0.002362761999932861,-0.011598230418558434,0.00044955763491569587,0.3559466031971506,0.5225181996356347,0.57780826,0.5361479280628885
211,2026-02-18 05:00:00+00:00,0.0049369620263846,3,log_ret_next,-0.014186474527739124,-0.009610275039842167,-0.0031247842,-0.0008812999821503893,-0.010975972278032813,-0.004931727872173434,0.0004422795527098427,-0.005215225544229639,-0.014863595378921346,0.00038275602974181886,0.3291587382863483,0.49787797446189686,0.4831163,0.5488573628664062
212,2026-02-19 05:00:00+00:00,-0.0046107110143281,3,log_ret_next,-0.008453780237770036,-0.0007568490752844409,-0.0018561655,-0.0011590308440006902,-0.006555780426967689,-0.004178881817299648,0.0004422795527098427,0.0030871710271812218,-0.009525412427548613,0.00042415875368100893,0.3231405058734049,0.4664753311173429,0.27038527,0.5831686929176405
213,2026-02-20 05:00:00+00:00,0.0053140294016955,3,log_ret_next,-0.011010724786117792,-0.004195025724888763,-0.0038959126,-0.008358238471091512,-0.0039699459017671175,-0.0022077178454118496,0.0004422795527098427,-0.0033338558972317058,-0.011869946903578702,0.00037184839497911575,0.290282831454114,0.44968466191634304,0.5023834,0.5298651717524279
214,2026-02-23 05:00:00+00:00,0.0023227163759577,3,log_ret_next,-0.00991203794232399,-0.009311690833581904,-0.009931918,-0.00842154438664407,-0.009729253551349525,-0.0030495004039670015,0.0004422795527098427,-0.008372660279717732,-0.010843845796668227,0.00032543146218563096,0.356253845490005,0.49439539712820724,0.64395016,0.5124880966405253
215,2026-02-24 05:00:00+00:00,-0.0060612542132501,3,log_ret_next,-0.013460728515874223,-0.013807594167895556,-0.0094948895,-0.02072509645081942,-0.012012296869600004,-0.004747074852902422,0.0004422795527098427,-0.010274005624181215,-0.014597882773159888,0.00025781750746398937,0.28009496217647245,0.4366843153791786,0.44098783,0.5388732759585484
216,2026-02-25 05:00:00+00:00,-0.0003257373273738,3,log_ret_next,-0.010447297063899325,-0.007993033788194534,-0.0068531055,-0.014407701543779638,-0.008432444296462397,-0.0023298804696321894,0.0004422795527098427,-0.008263459295048833,-0.011622135726125147,0.00031899730945079133,0.32548567658369876,0.44547567801839244,0.32905915,0.5638260609126285
217,2026-02-26 05:00:00+00:00,0.0140193758307287,3,log_ret_next,-0.00944103435387332,-0.008197596359604396,-0.005004123,-0.010146821238788581,-0.008744906403210493,-0.002825993870771642,0.0004422795527098427,-0.0073753018777692626,-0.010680041594096277,0.00034311287584900846,0.3465017993608909,0.4731491569838136,0.49998176,0.5362804690109461
218,2026-02-27 05:00:00+00:00,0.0150922813226813,3,log_ret_next,-0.01333676513364023,-0.01037316972422726,-0.009819878,-0.018250502407883864,-0.009494058833576813,-0.006410713060217832,0.0004422795527098427,-0.0038404914574090765,-0.01458436124575979,0.00028113469035540267,0.3125203366072511,0.41714826811566014,0.4159302,0.5363841699044744
219,2026-03-02 05:00:00+00:00,-0.0043872565986604,3,log_ret_next,-0.01303903166085125,-0.0028680773442791756,-0.012522865,-0.008740270725438424,-0.012747474641320991,-0.005713225361929175,0.0004422795527098427,-0.0028670735095700623,-0.014169851904635619,0.0003407910114294423,0.3013041668868694,0.41014660447231777,0.374146,0.5432868268982338
220,2026-03-03 05:00:00+00:00,-0.0146214209457639,3,log_ret_next,-0.010726341645244778,-0.009608276049064186,-0.010577215,-0.011064725104308558,-0.013479001357384113,-0.0050255491012936105,0.0004422795527098427,-0.01022238194290525,-0.011518177145950508,0.00031072461753512066,0.29862722003802533,0.46024328453872954,0.35659495,0.5639674326213993
221,2026-03-04 05:00:00+00:00,0.0205896412095225,3,log_ret_next,-0.009522688287642784,-0.00476918810857125,-0.002533004,-0.002703785878643857,-0.0024137926429131265,-0.0025501260730727395,0.0004422795527098427,-0.0031461217760507293,-0.011249241587270113,0.0003981358243477282,0.29847553582981035,0.43409082843982694,0.34632024,0.5573499161717891
222,2026-03-05 05:00:00+00:00,0.0002106599908148,3,log_ret_next,-0.012386163397954288,-0.005963031638432537,-0.0029908498,-0.004517333573941995,-0.015680538758517836,-0.004236096222986875,0.0004422795527098427,-0.007195478310098457,-0.0139690102366521,0.0003838023842045595,0.3197622297920453,0.45992749194457333,0.34906107,0.5646786640945721
223,2026-03-06 05:00:00+00:00,-0.0026358810852404,3,log_ret_next,-0.012737274665734401,-0.009875968847614203,-0.0072339014,-0.007251367856071466,-0.01008851411532831,-0.005100381962128251,0.0004422795527098427,-0.0031771444271563878,-0.013946494795141904,0.00033881903285459716,0.2768633383600754,0.46140358263756504,0.3345024,0.569774826188199
224,2026-03-09 04:00:00+00:00,-0.0167678013213839,3,log_ret_next,-0.013623155983622267,-0.008883662062659031,-0.008391968,-0.006849372321943766,-0.01466980538616613,-0.004053138854697519,0.0004422795527098427,-0.0055573703144673366,-0.014529313577558435,0.0003399446369311887,0.2911198717258063,0.4689043166350455,0.36877152,0.5645861811369444
225,2026-03-10 04:00:00+00:00,0.0290964251786503,3,log_ret_next,-0.010015870762489202,-0.007183683620572583,-0.0034743126,-0.000707228523040726,-0.010931471010668901,-0.0023574848815711945,0.0004422795527098427,-0.0026167281639057098,-0.011574393146891616,0.00039229260336438984,0.2874937110266494,0.48193698750701697,0.43038994,0.5561320350663971
226,2026-03-11 04:00:00+00:00,0.0266504506346114,3,log_ret_next,-0.012597398366166392,-0.0017765365712162475,-0.0009345731,0.0010950287562959658,-0.008750835781771488,-0.0013589990410514867,0.0004422795527098427,0.00033196295682818655,-0.014072166277658173,0.0004328378716628418,0.29440297802444176,0.4646739514300575,0.44656968,0.5466397622844283
227,2026-03-12 04:00:00+00:00,-0.0007617963913939,3,log_ret_next,-0.016481742930008203,-0.004781249814856456,-0.009600714,-0.005047210693208226,-0.015308445468967957,-0.0033120516884996183,0.0004422795527098427,-0.0077558082911974215,-0.01751512562763048,0.0003597319064333902,0.30728158830618774,0.47999290205108525,0.4590931,0.5486956771429781
228,2026-03-13 04:00:00+00:00,0.0001015547096636,3,log_ret_next,-0.013952373124374388,-0.0027756720665406665,-0.001401853,0.004433411525142064,-0.002813462328178375,-0.0010387227466216423,0.0004422795527098427,-0.00209057416789181,-0.014255205711332179,0.0004403964573476236,0.2021557069082422,0.4712551818232211,0.45397294,0.5506585715596203
229,2026-03-16 04:00:00+00:00,0.0057243128362621,3,log_ret_next,-0.014235159509599854,-0.006902071876292781,-0.0044892277,-0.002888562931599359,-0.008675043093048092,-0.0013735056869657748,0.0004422795527098427,-0.005737790791746888,-0.01570302971127977,0.00038041559966881303,0.27208021880589195,0.5565745815123634,0.48998347,0.5692111231439366
230,2026-03-17 04:00:00+00:00,0.0032275956542746,3,log_ret_next,-0.01100913881625331,-0.003679038485516145,-0.0005634391,0.002037955863412185,-0.009028543889082983,-0.000854192537431113,0.0004422795527098427,-0.002632419399812149,-0.012670081228490901,0.0004301784698988997,0.29856364850681233,0.4954351820470745,0.40669504,0.565248825558597
231,2026-03-18 04:00:00+00:00,0.0141484765319896,3,log_ret_next,-0.01520564894612512,-0.004746533972454841,-0.002716944,-0.0015014293788023745,-0.007181785282495478,-0.006833329496489563,0.0004422795527098427,-0.005904710822464131,-0.016734876434491723,0.0004024094577191869,0.2762769943288247,0.45214644607867993,0.4728795,0.5374841400139396
232,2026-03-19 04:00:00+00:00,0.0014385660513478,3,log_ret_next,-0.01621118352515259,-0.003901605882433764,-0.011116523,-0.009524591363549125,-0.01326640043345251,-0.006916946625430945,0.0004422795527098427,-0.011222579502666849,-0.017605255050842223,0.00033893490375487063,0.2759820721599914,0.38087964169044214,0.4709973,0.5136680060749264
233,2026-03-20 04:00:00+00:00,0.0171037293025754,3,log_ret_next,-0.014553878308799112,-0.001786662074090542,0.002324585,0.0026399790660004427,-0.00732437647035812,-0.0017851616737334418,0.0004422795527098427,-0.012712233926390948,-0.014951114270961447,0.00045238336427082574,0.3250639217954385,0.4617789150793712,0.683444,0.494087027752909
234,2026-03-23 04:00:00+00:00,0.0076698753288619,3,log_ret_next,-0.010506647475272421,-0.005363339667722889,-0.007754106,-0.0006243275074768623,-0.006485298735659501,-0.0024281362681487758,0.0004422795527098427,-0.009171412433225765,-0.010864389033232554,0.0003829076148354199,0.2712073531275831,0.3620212006405785,0.45326117,0.5112028578592036
235,2026-03-24 04:00:00+00:00,-0.0079623639618738,3,log_ret_next,-0.01411147377828141,-0.00543731098485866,-0.0034435755,-7.944963183607244e-05,-0.0127136320371683,-0.003946467919125005,0.0004422795527098427,-0.004869524933152755,-0.015385524326607213,0.0004023630830697456,0.31934380525420725,0.49872763250746954,0.4339877,0.5598652125322676
236,2026-03-25 04:00:00+00:00,0.012786532864242,3,log_ret_next,-0.014589197539662873,-0.009591671864706943,0.004650359,-0.0017387517722880998,-0.0004239337654838079,-0.0024675519077106403,0.0004422795527098427,-0.006184948096925832,-0.01608526482501833,0.0004109508859329707,0.2503132377116104,0.45562321814991685,0.5840699,0.5159500940627284
237,2026-03-26 04:00:00+00:00,0.016040830472928,3,log_ret_next,-0.015113816065037596,-0.004376034985307265,-0.0031596415,-0.004978974395245043,-0.00776376976001947,-0.003115046252715171,0.0004422795527098427,-0.0018000687139183714,-0.016942953070837204,0.00038792474148196816,0.32017263992075595,0.4612031975137148,0.52835,0.5271570592989001
238,2026-03-27 04:00:00+00:00,-0.0020859400821029,3,log_ret_next,-0.017230160791551003,-0.008151687307282654,-0.01207082,-0.008480311000999902,-0.015775629683831303,-0.004726877118362714,0.0004422795527098427,-0.0030048659227588804,-0.019155427195192854,0.0003213872187045482,0.26051486294699877,0.37895648633038254,0.3850962,0.5318819008355512
239,2026-03-30 04:00:00+00:00,-0.0182472571401212,3,log_ret_next,-0.019977029112194067,-0.007544373893205595,-0.006355193,-0.011523247744794582,-0.007297738573444715,-0.007146574310100095,0.0004422795527098427,-0.003674259692786167,-0.021628389159128625,0.0003347352005790667,0.23480952065500635,0.41514284756339603,0.50204045,0.5202282704686203
240,2026-03-31 04:00:00+00:00,-0.0469527524233072,3,log_ret_next,-0.017905345838314664,-0.009000894809580695,-0.0034206426,-0.007088031614584003,-0.019017513494234414,-0.006934726866907316,0.0004422795527098427,-0.004800694981403125,-0.019890719395729735,0.00035869529391065956,0.25632582509667856,0.36816744093014814,0.29546392,0.5473954238322839
241,2026-04-01 04:00:00+00:00,0.0078712628979121,3,log_ret_next,-0.01214546587044506,0.001557463070672879,-0.0029362186,-0.001013211674553768,-0.010500837832017254,0.0029320633963826168,0.0004422795527098427,-0.0017655351581518713,-0.013972273395717843,0.0004301337315973436,0.3550770282462433,0.604927056230084,0.7182821,0.5342916979795624
