,date,y_true,window_id,target,y_pred_linear,y_pred_rf,y_pred_xgb,y_pred_gbr,y_pred_elasticnet,y_pred_extratrees,y_pred_sgd,cl_logreg,cl_rf,cl_xgb
0,2025-03-05 05:00:00+00:00,-0.0444481590419819,0,log_ret_next,0.010912657497776795,0.00768576377870347,0.00444946,0.001050933635044519,0.0009040668708581699,0.002825941960477407,0.009119379393674505,0.6820781891638354,0.5113200619502963,0.51987576
1,2025-03-06 05:00:00+00:00,-0.0036217228627763,0,log_ret_next,0.007556398215167881,-0.0054330393413781885,-0.006925996,-0.014661409630736245,0.0009040668708581699,0.0003106573664805952,0.008892691439602241,0.6176859440024131,0.4776099589802898,0.48377487
2,2025-03-07 05:00:00+00:00,-0.0452330418308103,0,log_ret_next,0.015642169047838595,0.010171927683167215,0.012203247,-0.001657830971646915,0.0009040668708581699,0.017237257812020516,0.0111933692014223,0.683896370176445,0.5453468479290954,0.40961704
3,2025-03-10 04:00:00+00:00,0.0128274056494856,0,log_ret_next,0.013012534156504014,0.0074633014644333315,0.008761383,-0.002342297915200705,0.0009040668708581699,0.004946943652318531,0.010541581262788608,0.703617603097216,0.4612814980819486,0.4342049
4,2025-03-11 04:00:00+00:00,0.0226081151275144,0,log_ret_next,0.009120470298298322,0.0075020163752914214,0.019060278,0.0229999809509064,0.0009040668708581699,0.014958943441682115,0.011914106225452685,0.578564041605968,0.5641746508480544,0.5899689
5,2025-03-12 04:00:00+00:00,-0.0478027688577784,0,log_ret_next,0.01478876493860454,0.006548008523747204,0.0023082655,-0.00019663078523147134,0.0009040668708581699,0.004461086224940241,0.015736312245163066,0.6515874483543636,0.4363030798106557,0.4501666
6,2025-03-13 04:00:00+00:00,0.0291993575439257,0,log_ret_next,0.012357416265831192,0.013772461840041914,0.011240244,0.007588691315808176,0.0009040668708581699,0.00419615535529145,0.013078453853720093,0.6986763896767165,0.6418584061724798,0.6983354
7,2025-03-14 04:00:00+00:00,-0.0044535165931188,0,log_ret_next,0.014519353269094284,-7.569858033651698e-05,-0.000109018234,-0.00033592398359376244,0.0009040668708581699,0.0012096740710248579,0.009441279216255736,0.679020307156221,0.5154099491119175,0.5250905
8,2025-03-17 04:00:00+00:00,-0.0379744388833564,0,log_ret_next,0.010771400552155537,0.007386620258345592,0.0055335863,0.006061062755578257,0.0009040668708581699,0.00020886788506821317,0.007765681190336357,0.6570737257994811,0.5092414454425047,0.43769565
9,2025-03-18 04:00:00+00:00,0.0029149093234057,0,log_ret_next,0.008694900792356517,0.0049699100053601725,0.0018352866,-0.0037732302916224066,0.0009040668708581699,-0.00024094517234916378,0.005259599387113005,0.6911381803310415,0.5934823892466737,0.70712763
10,2025-03-19 04:00:00+00:00,0.0033160475526749,0,log_ret_next,0.003875010503611848,0.0031069406828338163,0.009384154,0.007670214432812838,0.0009040668708581699,0.00544551962353358,0.0010230410288142153,0.6123885032734256,0.5729758056246186,0.66729677
11,2025-03-20 04:00:00+00:00,0.0173401451705239,0,log_ret_next,0.006755970049953397,0.004614184034520942,0.00520924,0.0017906203362807428,0.0009040668708581699,0.002414045976732112,0.0067401310953908895,0.6239369316073137,0.49986852758876843,0.47493345
12,2025-03-21 04:00:00+00:00,0.0372028929784758,0,log_ret_next,0.006928912883813199,0.0024309143352146856,0.003842659,0.004941047895184414,0.0009040668708581699,0.0009403798543084958,0.0068192258919108,0.6231621955072847,0.4661154361804752,0.5619345
13,2025-03-24 04:00:00+00:00,0.0119825562477303,0,log_ret_next,0.004040934941310022,0.001999347386893785,0.0056438595,0.004291682724645403,0.0009040668708581699,0.00010345363753163743,0.003026504070943769,0.5751636309033032,0.43042216360412666,0.47465315
14,2025-03-25 04:00:00+00:00,-0.0247812371262661,0,log_ret_next,0.008637169863161126,0.00018596768154263772,0.002720563,-0.0040655345728516645,0.0009040668708581699,0.0010386330729011462,0.005977233701802222,0.643457882716617,0.5624307901169224,0.60219026
15,2025-03-26 04:00:00+00:00,-0.0138436839197668,0,log_ret_next,0.004221829210247723,0.0032203257866309292,0.0042946665,0.001399281091937775,0.0009040668708581699,0.0021142607327591335,0.00026998053687544293,0.605721572918936,0.5727345154551028,0.7503044
16,2025-03-27 04:00:00+00:00,-0.0438288527309307,0,log_ret_next,0.004730059107564604,0.0065628351274447435,0.00434826,0.005067073984944871,0.0009040668708581699,0.015424645636393085,0.002075412663884941,0.5899882209057152,0.5852068140879589,0.7583851
17,2025-03-28 04:00:00+00:00,-0.0006591065589042,0,log_ret_next,0.0094734622770326,0.002985526664708319,0.0064523276,0.005426783741658909,0.0009040668708581699,0.002791897470572272,0.009320758737995722,0.6086050915984816,0.5741414060377988,0.61838835
18,2025-03-31 04:00:00+00:00,0.0165872859391379,0,log_ret_next,0.011174291803179817,-0.0033494086751887247,0.0005594851,-0.0007977897381603187,0.0009040668708581699,0.003524001523183471,0.013540362745411663,0.6234192419038493,0.49176924085262663,0.51713246
19,2025-04-01 04:00:00+00:00,-0.0035387450360349,0,log_ret_next,0.013587027661187703,0.0006152227955596552,-0.0013737142,0.0009283796172626713,0.0009040668708581699,0.0013507590590598067,0.014460695221117516,0.6966716912295186,0.6218412018816324,0.46136242
20,2025-04-02 04:00:00+00:00,-0.0938521608549062,0,log_ret_next,0.020010066181019154,0.004853679541218225,0.0041611562,0.004102821215857968,0.0009040668708581699,0.0021694925760759485,0.017237147096802994,0.8090802693924689,0.6718455405252176,0.68238235
21,2025-04-03 04:00:00+00:00,-0.0519052450775459,0,log_ret_next,0.01194365404312935,-0.0033424465346430913,-0.0023824247,-0.0035985577522570584,0.0009040668708581699,-0.0034871573642894227,0.007392801089959409,0.7900779642046298,0.552612352819112,0.51233196
22,2025-04-04 04:00:00+00:00,0.0225675380709331,0,log_ret_next,0.021004096879016037,-0.009228591367821521,-0.008699034,-0.007950369273124133,0.0009040668708581699,-0.003443629217722094,0.014420321661633585,0.768150817217386,0.5190575412110392,0.46486074
23,2025-04-07 04:00:00+00:00,-0.0112985419850641,0,log_ret_next,0.02746855360214483,-0.015993970452525298,-0.022873059,-0.027390001554013662,0.0009040668708581699,-0.005322702954889132,0.026923197802966977,0.7245387627237845,0.5482911005802416,0.4504298
24,2025-04-08 04:00:00+00:00,0.1376345672248126,0,log_ret_next,0.032110526575606445,-0.028709641005671624,-0.030455803,-0.026349825227105106,0.0009040668708581699,-0.024746484759388707,0.03374913324625658,0.72994211193747,0.5484760680766732,0.4474076
25,2025-04-09 04:00:00+00:00,-0.0697772851722268,0,log_ret_next,0.030549463941166522,-0.02044348433451994,-0.026563723,-0.016064462192800083,0.0009040668708581699,-0.014139243461539181,0.025213909147319663,0.6835717958277204,0.6525394382816184,0.58296424
26,2025-04-10 04:00:00+00:00,-0.0049914865512936,0,log_ret_next,0.006429385578553243,-0.0118852930533685,-0.0061161197,-0.005025471095935468,0.0009040668708581699,-0.007866065681074456,-0.0022092627328544807,0.7261149951798731,0.45184146992033747,0.34879848
27,2025-04-11 04:00:00+00:00,-0.0224928599820258,0,log_ret_next,0.0057675068195769215,-0.017249792991026434,-0.015232467,-0.017846342696357948,0.0009040668708581699,-0.0019205220388778602,-0.009550336679736897,0.6941980627580723,0.58205390292169,0.6285291
28,2025-04-14 04:00:00+00:00,-0.0189180123891193,0,log_ret_next,0.008713018884776618,0.0012143097330031033,0.0017183645,0.01531076826074989,0.0009040668708581699,-0.005562839875592841,-0.007674090878877774,0.7449830166782755,0.6085652471476451,0.54215246
29,2025-04-15 04:00:00+00:00,-0.0375301161549528,0,log_ret_next,0.0082049386881012,-0.0009894519735951443,-0.0025507368,0.0013803177903994794,0.0009040668708581699,-0.01236736827903966,0.005096320995208972,0.5934871122375764,0.5172610196241727,0.50256336
30,2025-04-16 04:00:00+00:00,-0.0016536676101834,0,log_ret_next,0.002487508339759943,-0.0010656763429175847,0.003864072,0.003232769904886881,0.0009040668708581699,-0.0008986320636469369,0.0017810720048866925,0.600363042190126,0.587332193323231,0.73191
31,2025-04-17 04:00:00+00:00,-0.0341161699972636,0,log_ret_next,0.006493534941318116,-0.004989170215584068,0.0006793194,0.0004642593483620912,0.0009040668708581699,0.0007459899097843595,0.004442575710722571,0.614006522462789,0.42077462139026034,0.45571458
32,2025-04-21 04:00:00+00:00,0.0317203164348543,0,log_ret_next,0.013571417323770091,-0.00034644168948074877,0.0016509559,0.0012184057805180372,0.0009040668708581699,0.0015703120725810559,0.015518213431279237,0.6353054745164536,0.5437502533186922,0.4261917
33,2025-04-22 04:00:00+00:00,0.0391800125903925,0,log_ret_next,0.011698712876031834,0.008218445618867153,0.003355943,0.008779249049633632,0.0009040668708581699,0.0029060631309999097,0.01082472366253437,0.6191588735592015,0.5376015147227339,0.5278068
34,2025-04-23 04:00:00+00:00,0.0244549328177536,0,log_ret_next,0.013591813816642179,0.0028129917253945703,0.0033330852,0.008056317288990006,0.0009040668708581699,0.00020312883079300694,0.011919808957110293,0.6751971849057803,0.5731307745928632,0.55823815
35,2025-04-24 04:00:00+00:00,0.0261393528829677,0,log_ret_next,0.010903776731989381,0.009934818448782209,0.012539081,-0.006361761309861309,0.0009040668708581699,0.0037814496150275047,0.0071451934552198585,0.666048190841932,0.5469249580919799,0.7396031
36,2025-04-25 04:00:00+00:00,0.0045031393756772,0,log_ret_next,-0.005438067816739013,-0.027301434246381286,-0.032536305,-0.003968938958872982,0.0009040668708581699,-0.024084657697739736,-0.012078296025599742,0.6128219690050788,0.5824977054309651,0.7486187
37,2025-04-28 04:00:00+00:00,0.0085131528385193,0,log_ret_next,0.0037257491734752064,0.008066979958133902,0.01336376,0.008191920282120178,0.0009040668708581699,0.0034328234807974372,-8.950079782032907e-05,0.6221583914928702,0.650711223243456,0.82151073
38,2025-04-29 04:00:00+00:00,-0.0098600613164224,0,log_ret_next,0.009747308527562134,0.003526315655189972,0.009937,0.004265268201658116,0.0009040668708581699,-0.0012405455935971177,0.0022103834483484354,0.6963405954119539,0.676967842935908,0.7524241
39,2025-04-30 04:00:00+00:00,0.0414076638503926,0,log_ret_next,0.005467136179556554,0.0007353815432594933,0.002488443,0.000885985039098944,0.0009040668708581699,0.0015001189359276602,0.0012191650915197496,0.5933163595098059,0.6611934164919596,0.60484016
40,2025-05-01 04:00:00+00:00,0.0424445759877076,0,log_ret_next,0.0049213738843057984,-0.0008581875122460441,0.00032552422,-0.0013114224678325696,0.0009040668708581699,0.0010114770917193305,0.003749406195731951,0.5541304603697043,0.5172547101062905,0.37706426
41,2025-05-02 04:00:00+00:00,0.0037615506332428,0,log_ret_next,0.0025506383888898366,0.0009315652177541736,-0.0029280083,-0.004017643411098261,0.0009040668708581699,0.0007460356556936837,0.0017102303425514517,0.527273346201102,0.5324644444055388,0.5188802
42,2025-05-05 04:00:00+00:00,-0.0201595140292539,0,log_ret_next,-0.05432131953633235,0.000790575531351419,-0.0010219906,-0.00549681928738533,0.0009040668708581699,0.002189230684371986,-0.01123780952316912,0.019835584594011395,0.5690103879797023,0.54525834
43,2025-05-06 04:00:00+00:00,0.0160460393341883,0,log_ret_next,0.04023186784213669,0.005060527522768934,-0.0013676572,0.012709794174104035,0.0009040668708581699,0.007643486570694321,0.01963477149014198,0.9113914616712121,0.6326581257715631,0.68211037
44,2025-05-07 04:00:00+00:00,0.0020087293320518,0,log_ret_next,0.036458670282083286,0.0029762182175095625,-0.0018136236,0.009179525180273393,0.0009040668708581699,0.010958428830486087,0.019299228642232883,0.8896666144322646,0.45940114224738937,0.51039267
45,2025-05-08 04:00:00+00:00,-0.0092735221010161,0,log_ret_next,-0.0035432978473233802,-0.01310015994307368,-0.011336594,-0.011557566322584934,0.0009040668708581699,-0.009834350819381955,0.00031728426386267594,0.4965784693968658,0.43262915315647477,0.3264011
46,2025-05-09 04:00:00+00:00,0.0762432047771968,0,log_ret_next,-0.002885680188351089,-0.01449805561368958,-0.012613613,-0.020171657907759447,0.0009040668708581699,-0.015435047059807716,-7.038222742326687e-05,0.571812512533681,0.5669951435113402,0.48429614
47,2025-05-12 04:00:00+00:00,0.0256293942059935,0,log_ret_next,0.040488218055857804,-0.00996714941987281,-0.008163052,-0.012380079263644834,0.0009040668708581699,-0.008064403703093683,0.0008280151906532465,0.9750093783043889,0.5178665041728724,0.38772798
48,2025-05-13 04:00:00+00:00,0.0050630914431094,0,log_ret_next,-0.03944282940713638,-0.0025069931736996804,-0.0013710888,-0.007810093393243531,0.0009040668708581699,-0.005163198712300602,-0.021709428948983842,0.1431315288779085,0.5476845404994074,0.43730068
49,2025-05-14 04:00:00+00:00,-0.0237573885045892,0,log_ret_next,-0.03830600742149262,-0.02968660298352857,-0.013665054,-0.022659799673864216,0.0009040668708581699,-0.0076234589837993715,-0.023734080504859003,0.1888971694908533,0.5244515130275967,0.51626074
50,2025-05-15 04:00:00+00:00,-0.0055129469479222,0,log_ret_next,-0.004725614345010137,-0.02436611317524076,-0.0025235908,-0.016743052371459306,0.0009040668708581699,-0.014804454175348751,-0.009765791161963206,0.5354254933192308,0.5807873396800229,0.54953176
51,2025-05-16 04:00:00+00:00,0.0001405182316598,0,log_ret_next,-0.006992374127756943,-0.02349344563187716,-0.0021467481,0.004401417197728457,0.0009040668708581699,-0.006275577229425035,-0.011167214953408736,0.44526813344018423,0.4860249152148175,0.3358769
52,2025-05-19 04:00:00+00:00,-0.0052132342921512,0,log_ret_next,0.01050743093900463,-0.002624973056303615,0.00094691257,-0.004817497735760161,0.0009040668708581699,-0.001479161996163951,0.0004207012662756319,0.6896781837424043,0.4721786812120721,0.5629461
53,2025-05-20 04:00:00+00:00,-0.002514514817006,0,log_ret_next,0.00029052271856132045,-0.0030801163507881285,-0.0057232226,-0.012695376481473715,0.0009040668708581699,-0.01457538996921376,0.003826126000822152,0.5413865769949614,0.6129071080516342,0.32660884
54,2025-05-21 04:00:00+00:00,0.0016822668928147,0,log_ret_next,-0.0037859160093840828,-0.0044540713211994425,-0.003142304,-0.003356146936725509,0.0009040668708581699,-0.004101139582181712,3.6787808421043146e-06,0.50407369722377,0.5346124672379498,0.5276925
55,2025-05-22 04:00:00+00:00,-0.0150521349365957,0,log_ret_next,0.022632584687540827,0.017310307845294894,0.020007886,0.010860114257067009,0.0009040668708581699,0.018455209234988355,0.024347180442758538,0.7174307631290582,0.6688608532432451,0.7281319
56,2025-05-23 04:00:00+00:00,0.0240444241919217,0,log_ret_next,0.004481016582716991,-0.01451295677858437,0.002015077,0.015117215760934692,0.0009040668708581699,0.0006396151335662822,0.003928560890979817,0.5959185209673572,0.6544438650139712,0.53760517
57,2025-05-27 04:00:00+00:00,0.0019596931104369,0,log_ret_next,0.010253293394288215,0.003842085390361587,-0.001321828,-0.000963027821842744,0.0009040668708581699,0.0012128169406770634,0.009780782236055417,0.5811210949003803,0.6130669133425214,0.5626776
58,2025-05-28 04:00:00+00:00,0.0022815759781156,0,log_ret_next,0.0030759482029355505,0.0014088360249987213,-0.0022219822,0.009003905983792249,0.0009040668708581699,-0.0010361056878512756,0.002478344554817811,0.5464014266923297,0.41565151059458344,0.3520341
59,2025-05-29 04:00:00+00:00,0.0037754450007652,0,log_ret_next,-0.0014584604359101768,0.0033901269250746326,-0.0014790171,3.639343575858346e-05,0.0009040668708581699,0.0017837341636224866,-0.0019198684219464512,0.491931444848049,0.5224312784112626,0.56266516
60,2025-05-30 04:00:00+00:00,0.0355166579737472,0,log_ret_next,-0.002955369235497927,-0.001434998042930623,-2.4685836e-05,-0.004784384496431425,0.0009040668708581699,-0.004061560262003243,-0.004131528015708089,0.5161815099505969,0.5425620247329725,0.55558044
61,2025-06-02 04:00:00+00:00,-0.0060549190378201,0,log_ret_next,0.0014293140627599024,-0.0009287910303985902,0.0020681294,0.0019388487401432613,0.0009040668708581699,0.0010296510114474475,0.003329265980403872,0.45054131315479423,0.6193871191381755,0.5427397
62,2025-06-03 04:00:00+00:00,0.0311510898040939,0,log_ret_next,-0.0023787588049911652,-0.002017712100195613,0.00054131437,0.0003885642544860772,0.0009040668708581699,0.0009091866811846819,-0.0020034280516496856,0.4821099898028376,0.47591777035091803,0.46358767
63,2025-06-04 04:00:00+00:00,-0.0048522560464026,1,log_ret_next,0.006768328171044701,0.0031135722599576294,0.0052032163,0.006968604427203948,0.0007372830447608019,0.0016282213991847564,0.002457278686669493,0.5804315662129851,0.5413922884564922,0.5683419
64,2025-06-05 04:00:00+00:00,0.0189395503823349,1,log_ret_next,0.00133031761883958,0.0028059737900596087,-0.0013173533,0.008706713670412449,0.0007372830447608019,0.0014019666282054633,0.0002703000742380373,0.4986896400600516,0.4039437902928914,0.46915838
65,2025-06-06 04:00:00+00:00,-0.0052451621601731,1,log_ret_next,0.004473171578913136,0.005121335008428318,-3.12305e-05,-0.0020327872733725658,0.0007372830447608019,-0.00013947373809126325,0.0016979078847500393,0.5673064067330669,0.5933754003681012,0.6632769
66,2025-06-09 04:00:00+00:00,0.0119446989810843,1,log_ret_next,-0.00035921466748393385,-0.0007912445164236289,-0.0027949777,-0.011793607698347074,0.0007372830447608019,0.0006731993941378998,0.00040791675265688867,0.46039076285308683,0.46855849131682753,0.44709322
67,2025-06-10 04:00:00+00:00,-0.0118294208575011,1,log_ret_next,0.00039824657633061067,-0.003296137449085254,-0.0022890156,-0.009832355141523901,0.0007372830447608019,0.0006639417331739503,0.0006045208433656268,0.531494088243048,0.3937734122540103,0.5100925
68,2025-06-11 04:00:00+00:00,-0.001124264287521,1,log_ret_next,0.0020465795774035466,-0.0003744593648962557,0.0030774234,-0.007061920329038822,0.0007372830447608019,0.001010452932520764,0.0013342915300111552,0.5502986801319483,0.5489860351502747,0.61733526
69,2025-06-12 04:00:00+00:00,-0.0152448102190972,1,log_ret_next,0.006359368461717651,-0.002159371577073701,0.004208186,-0.00892045606672923,0.0007372830447608019,0.0011288705182689528,0.004358732770115418,0.5664402314726107,0.4903375920470524,0.53004044
70,2025-06-13 04:00:00+00:00,0.0285689147590352,1,log_ret_next,0.008533371865570238,0.0011320620229269636,0.0035522147,-0.012523124515338992,0.0007372830447608019,0.003385713343629171,0.0067898722144100684,0.5674445926438423,0.5100059360258912,0.6119233
71,2025-06-16 04:00:00+00:00,-0.0069890335146284,1,log_ret_next,-0.0015220579367145606,-0.006287152308252467,-0.003956951,-0.00888042711623006,0.0007372830447608019,-0.002742111412296807,0.0014297981611929103,0.3477897631844973,0.4568318323504531,0.52244925
72,2025-06-17 04:00:00+00:00,-0.0020961938711339,1,log_ret_next,0.009896797808515864,-0.0036859193040849436,0.004781881,-0.011780128266593129,0.0007372830447608019,-0.00012192671705039161,0.009555207344905139,0.596129478483622,0.4426820918286569,0.4842464
73,2025-06-18 04:00:00+00:00,-0.0194763416362144,1,log_ret_next,0.011572932432718385,-0.004963654742760827,-0.00085469155,-0.005259221630224013,0.0007372830447608019,-0.00048470997564510913,0.008886315616863285,0.5966019384804219,0.5739318617970696,0.6248748
74,2025-06-20 04:00:00+00:00,0.0234354528216267,1,log_ret_next,0.005519814350746561,-0.0005224204646393178,-0.0012763374,-0.01149308386217513,0.0007372830447608019,0.002226249485975413,0.006130937802483088,0.5653534490157466,0.4521574444236154,0.3713406
75,2025-06-23 04:00:00+00:00,0.0193805716406277,1,log_ret_next,0.005051059059441122,-0.004929241122865523,-0.0050336486,-0.022545981821772303,0.0007372830447608019,-0.0011913367948535392,0.005857854761499262,0.5436209975733676,0.4411601211131853,0.34261137
76,2025-06-24 04:00:00+00:00,-0.0049547019718233,1,log_ret_next,0.002986590106687382,-0.004431569138873801,-0.0028736328,-0.014232141337374082,0.0007372830447608019,0.0008553615390963697,0.0034094177249157044,0.5465979101260194,0.35003957335053615,0.21698536
77,2025-06-25 04:00:00+00:00,0.0242699945178287,1,log_ret_next,-0.0006270275907058987,-0.006485042914393974,-0.009040404,-0.015157988771340072,0.0007372830447608019,-0.00028532252046504445,0.0014903508350588037,0.556844756852325,0.32503132974220605,0.20525903
78,2025-06-26 04:00:00+00:00,0.0103307197051062,1,log_ret_next,-0.0036853992004096886,-0.0031172152590160916,-0.0007016907,-0.006078336339739614,0.0007372830447608019,-0.0005190698577391814,-0.002435020886076284,0.5163481270876004,0.35341248513137286,0.33978868
79,2025-06-27 04:00:00+00:00,0.0060609669542625,1,log_ret_next,-0.0008278531119278415,-0.001717596098394811,0.000990485,-0.008857471163620467,0.0007372830447608019,0.0012931874281913059,0.0003352237096375233,0.5374834420609583,0.501444999712634,0.5304061
80,2025-06-30 04:00:00+00:00,-0.0258984960059702,1,log_ret_next,0.014909914891674895,-0.001305864733242586,0.00064222334,-0.008291915705717467,0.0007372830447608019,0.001904464126179503,0.008654558476502828,0.8301901462319651,0.4872793832212452,0.37335724
81,2025-07-01 04:00:00+00:00,-0.0078866850133454,1,log_ret_next,-0.0026745279645774287,-0.0035847073041249643,-0.0036645532,-0.005090672186458423,0.0007372830447608019,0.00037042447624854397,-0.00325176543177868,0.48172216779414634,0.5148317369631099,0.38302657
82,2025-07-02 04:00:00+00:00,0.0075947033752584,1,log_ret_next,-0.0016088107116209959,-0.0028221240212380466,-0.0018925872,-0.0062028485097851615,0.0007372830447608019,-0.00039879077020816086,-0.0028732365704926925,0.48435300054913727,0.4360547730213421,0.48221266
83,2025-07-03 04:00:00+00:00,-0.0009184064839751,1,log_ret_next,0.0008130614428012967,-0.004715845644511835,0.0021883699,-0.012374251670211663,0.0007372830447608019,0.0012773327328108367,-0.0006733369833827577,0.463757988111718,0.4414672174492317,0.33805504
84,2025-07-07 04:00:00+00:00,0.0032244799695399,1,log_ret_next,0.0057956673894964915,-0.007175056830652777,-0.0015940638,-0.011403561922225925,0.0007372830447608019,-0.001806554271190071,0.0019953858858449483,0.527122725022645,0.3170823010598026,0.28553748
85,2025-07-08 04:00:00+00:00,0.016664198793587,1,log_ret_next,0.0035817655005125574,-0.0020216853102206934,0.0012283229,-0.005254819735117892,0.0007372830447608019,-0.00021779986009060333,0.0006579629694727191,0.4990900762125333,0.47812899823824057,0.47872412
86,2025-07-09 04:00:00+00:00,-0.0075890387710795,1,log_ret_next,-0.0009741510474397461,-0.003125541854499857,0.0057257432,-0.011159546829908211,0.0007372830447608019,0.0009007471610708172,0.0008477438491647998,0.5133574951689654,0.5484953283247901,0.5012971
87,2025-07-10 04:00:00+00:00,-0.0134696647452526,1,log_ret_next,0.003730997180731694,-0.001981933211643877,-0.0010880067,-0.012992816602468175,0.0007372830447608019,-0.0008276125010709427,0.002602312334143408,0.5472971842971257,0.5086162897972581,0.5486344
88,2025-07-11 04:00:00+00:00,0.0047413523099456,1,log_ret_next,0.002882940363716331,-0.006812324615228669,-0.0051221773,-0.0071993826842084675,0.0007372830447608019,-0.0023140607707078887,0.0011226417960077985,0.5470167621013662,0.41399980964885297,0.31668988
89,2025-07-14 04:00:00+00:00,-0.0147140880779932,1,log_ret_next,0.0002998700330277166,-0.005648022219237568,-0.0024745835,-0.01129234890217641,0.0007372830447608019,-0.0015199959677739878,0.00012828617589073744,0.5041158736506577,0.500117851481085,0.4058654
90,2025-07-15 04:00:00+00:00,-0.0105852664886226,1,log_ret_next,0.0005792099740020214,-0.004040986615048361,-0.0028636637,-0.012998613992095589,0.0007372830447608019,-0.0017877415260888127,0.0005669837762450904,0.49820311739356227,0.38628189003766017,0.4391844
91,2025-07-16 04:00:00+00:00,-0.0021363174908775,1,log_ret_next,0.006388965804596655,-0.0033600265694337323,-0.002367786,-0.008043711997656279,0.0007372830447608019,-0.0011959382018736783,0.0035384393526724347,0.5594940978627343,0.551152007970134,0.56258655
92,2025-07-17 04:00:00+00:00,0.004083490425377,1,log_ret_next,0.0038210287324436576,-0.005565710519570903,-0.005403381,-0.012611990385708241,0.0007372830447608019,-0.0019438898464125111,0.0017804934181743118,0.5374943357196141,0.422601631715942,0.28940794
93,2025-07-18 04:00:00+00:00,0.0122633407541109,1,log_ret_next,0.0043442042036360715,-0.002175384913668788,-0.0037397183,-0.011496950832156846,0.0007372830447608019,-0.0014585411958154947,0.0029479792066837464,0.5402461568346327,0.41424967616624037,0.39291698
94,2025-07-21 04:00:00+00:00,-0.011511046757792,1,log_ret_next,-0.004203112086503583,-0.006268230231070201,-0.0042950837,-0.00763856156631871,0.0007372830447608019,0.0004574582199785015,-0.003043291250081362,0.4440062672555544,0.46615768678233394,0.47337765
95,2025-07-22 04:00:00+00:00,0.0123663117325207,1,log_ret_next,-0.0006773655195356644,-0.0022508985323876378,-0.0024612923,-0.01189357677582178,0.0007372830447608019,0.000686704652756737,8.273146033768882e-05,0.5183700501435424,0.49744596563504745,0.57620955
96,2025-07-23 04:00:00+00:00,0.0017080820928616,1,log_ret_next,0.000428279742257658,-0.0030635710489665953,-0.0027397156,-0.007262876931344009,0.0007372830447608019,0.0003030147997180088,-0.0008498497832381746,0.5122873806014712,0.5494331367098346,0.46384597
97,2025-07-24 04:00:00+00:00,-0.0029701545120485,1,log_ret_next,0.001419235826425232,-0.0025052274742490112,-0.003681832,-0.008249097962463257,0.0007372830447608019,0.0009332641428699555,0.0005982194152730554,0.503489825196589,0.4146203732598612,0.41738743
98,2025-07-25 04:00:00+00:00,0.0069215992525004,1,log_ret_next,-0.0011549599123880357,-0.006562388462452947,-0.0028409723,-0.008203473854119535,0.0007372830447608019,0.0002593949344456552,-0.00127203812898763,0.4957944641312697,0.4208133317291056,0.45297307
99,2025-07-28 04:00:00+00:00,-0.0248737915858912,1,log_ret_next,-0.0015307245214938898,-0.002856555810497562,-0.0028200094,-0.0070845841339717735,0.0007372830447608019,0.0006258657089331986,-0.002012339998779514,0.4898469015953534,0.5872401892719246,0.48964232
100,2025-07-29 04:00:00+00:00,-0.0068663312819907,1,log_ret_next,-0.0017385742780489813,-0.004670186857320056,-0.0041936096,-0.00763856156631871,0.0007372830447608019,0.0004612277713537558,-0.001121732086060058,0.466813818393066,0.37025159173858796,0.35897633
101,2025-07-30 04:00:00+00:00,0.1066340503992528,1,log_ret_next,-0.006520793149220789,-0.0038514156443602717,-0.0025003229,-0.0070891238640766775,0.0007372830447608019,-0.00033656500438065967,-0.0027659462970420073,0.4575888374241219,0.425562355309534,0.36584407
102,2025-07-31 04:00:00+00:00,-0.030761510572808,1,log_ret_next,-0.007144903138929443,-0.005540780821337864,-0.00904755,-0.03137504386985428,0.0007372830447608019,-0.003746330867509695,-0.0064411451731505,0.3503928077492596,0.3149142088292377,0.32789117
103,2025-08-01 04:00:00+00:00,0.0345425728009889,1,log_ret_next,-0.003917481186835761,-0.003986248093635059,0.0040672934,-0.006021572177073122,0.0007372830447608019,-0.004961234631827237,-0.0038237030562125653,0.3767590872242314,0.345753283858193,0.41527745
104,2025-08-04 04:00:00+00:00,-0.0167683569318484,1,log_ret_next,0.0014111214564498575,-0.0076223275665006,-0.010587279,-0.030073732018363372,0.0007372830447608019,-0.001765276820785184,-0.0007889321623509708,0.443525063683834,0.3547596914610265,0.35779536
105,2025-08-05 04:00:00+00:00,0.0111108277557996,1,log_ret_next,0.00318468327223258,-0.013760510470487465,0.0058235275,0.010576314854924837,0.0007372830447608019,-0.008080819447404006,0.001435950490567702,0.45217315280314185,0.240449583083157,0.27679923
106,2025-08-06 04:00:00+00:00,-0.0132481944205613,1,log_ret_next,-0.0026799016562093604,-0.010193367604281509,-0.018075159,-0.026107771275124737,0.0007372830447608019,-0.007151327322592839,0.002742024512269572,0.6251355077533225,0.43516390667385074,0.5049518
107,2025-08-07 04:00:00+00:00,0.0097576355504451,1,log_ret_next,0.006729616601031415,-0.004271177507738326,-0.0027720104,-0.036367316962032104,0.0007372830447608019,-0.010866391321924239,0.0067912873830211825,0.6540495725036237,0.4786397529402089,0.38714162
108,2025-08-08 04:00:00+00:00,-0.0044686913509884,1,log_ret_next,0.007642406134831053,-0.007362820192769273,-0.008797519,-0.0338382063318865,0.0007372830447608019,-0.006208872038457471,0.007749624885339424,0.6760061892992616,0.36111976395789724,0.3997965
109,2025-08-11 04:00:00+00:00,0.0310205587283722,1,log_ret_next,0.00948300682646206,-0.007229209607949566,-0.008632114,-0.020626416731016735,0.0007372830447608019,-0.008250265362183075,0.008900955085255097,0.701132874433858,0.5416474689709547,0.5047779
110,2025-08-12 04:00:00+00:00,-0.0126363654763707,1,log_ret_next,0.00884305740876871,-0.008639267193438155,-0.0090969335,-0.014883697640430632,0.0007372830447608019,-0.006244200122718843,0.008197365748894682,0.6898040440748874,0.4145547696440864,0.45169988
111,2025-08-13 04:00:00+00:00,0.0026243951102297,1,log_ret_next,0.019651611492289722,-0.003031959072591402,-0.010489417,-0.022356541126385594,0.0007372830447608019,-0.00903027184204939,0.011652983763267082,0.7324995765448669,0.5780046692215478,0.4860039
112,2025-08-14 04:00:00+00:00,0.0039557184846479,1,log_ret_next,0.01964583691786766,-0.007299262654135409,-0.011611778,-0.019143340536565526,0.0007372830447608019,-0.008327167965726271,0.013597571694010449,0.7390017901909673,0.42795596508893674,0.43271366
113,2025-08-15 04:00:00+00:00,-0.0230076182367448,1,log_ret_next,0.01695080951183989,-0.008524974344027037,-0.015685968,-0.0255534908238792,0.0007372830447608019,-0.011008193271798312,0.012370065775449956,0.6919703030526976,0.4134556371380122,0.35171816
114,2025-08-18 04:00:00+00:00,-0.0209244770319277,1,log_ret_next,0.01980791264580709,-0.006392511830299431,-0.009208737,-0.027195046051501814,0.0007372830447608019,-0.008788568135151139,0.01435857611525305,0.7717336400019129,0.4843171025735015,0.44365415
115,2025-08-19 04:00:00+00:00,-0.0050160092468731,1,log_ret_next,0.01706291068738341,-0.0049966542654241,-0.010229179,-0.019601702699754402,0.0007372830447608019,-0.007654997742236173,0.013659114800618082,0.6938471239996905,0.47420325091517995,0.39385045
116,2025-08-20 04:00:00+00:00,-0.0115953624033582,1,log_ret_next,0.019820698423562995,-0.0021938075978006795,-0.0022560153,-0.010659603930485397,0.0007372830447608019,-0.0029216090263520927,0.008940849652563912,0.5256605037466989,0.5323865081030266,0.5057583
117,2025-08-21 04:00:00+00:00,0.0210063170540892,1,log_ret_next,0.013311851671640377,-0.000594695341279893,0.0054143537,-0.005344788021850699,0.0007372830447608019,0.0037368475236883403,0.008745570329844183,0.5332776033554393,0.5310107384416674,0.43334642
118,2025-08-22 04:00:00+00:00,-0.0019760252132578,1,log_ret_next,0.009478148027351831,0.000247896768079919,0.000393615,-0.009417080321415569,0.0007372830447608019,0.0008771002078183688,0.004666565432587291,0.5109606646099877,0.49752181487210734,0.6259328
119,2025-08-25 04:00:00+00:00,0.0010614559437708,1,log_ret_next,0.014153032451833483,-0.010671058579751045,-0.0049033305,-0.01122758813590711,0.0007372830447608019,-0.0023555997625355064,0.006538398804860544,0.5684108767156159,0.3480838785057008,0.34583327
120,2025-08-26 04:00:00+00:00,-0.0089511826911098,1,log_ret_next,0.00893979456345101,-0.005101069384652232,-0.0009177628,-0.0022694787093757904,0.0007372830447608019,-0.0004991876296022372,0.00289903482788194,0.5261869156698411,0.5391266840629406,0.50329936
121,2025-08-27 04:00:00+00:00,0.0049783279912243,1,log_ret_next,0.005287440159522823,-0.0012429137946889139,-0.0007989664,-0.011203957064015556,0.0007372830447608019,0.0013127818079234084,0.0005658790181981218,0.5037930771970751,0.5308538613190832,0.6005305
122,2025-08-28 04:00:00+00:00,-0.0166602513727985,1,log_ret_next,0.008826561121951394,-0.0029226571519485683,-0.0011290774,-0.006536005025034085,0.0007372830447608019,-0.0010634679658962885,0.0036827988943987063,0.5291807068516037,0.4709121719806382,0.4235531
123,2025-08-29 04:00:00+00:00,-0.0048717378388973,1,log_ret_next,0.007347166607623742,-0.003285280667722457,-0.0010232211,-0.009231390410323208,0.0007372830447608019,-0.0008403009046106431,0.0031799366645083827,0.5103774517826124,0.44998707836184615,0.44684505
124,2025-09-02 04:00:00+00:00,0.0026356148247925,1,log_ret_next,0.010100108360061144,-0.0006191377206986017,0.0015765477,-0.008727726397321296,0.0007372830447608019,0.0015475059860497505,0.005122881085222175,0.5380256840412245,0.504837634017257,0.5621014
125,2025-09-03 04:00:00+00:00,0.0156158981517036,1,log_ret_next,0.011469925786501139,0.001551010496479701,0.0069242637,-0.009068261675523529,0.0007372830447608019,0.0018550908974820013,0.006935197823460259,0.5379804836390998,0.5964110948030652,0.55625015
126,2025-09-04 04:00:00+00:00,0.0050630046404409,2,log_ret_next,0.008037109928956582,0.0005903191343971533,0.002080101,0.0014613469515300254,0.0006975761497664074,0.0017684122930444438,0.010112365350647697,0.5082751790788755,0.35822173874891483,0.48323056
127,2025-09-05 04:00:00+00:00,-0.0001994546972079,2,log_ret_next,0.009134099657297105,-0.001783357864793408,-4.319201e-05,-0.0010936045200189,0.0006975761497664074,0.00010037165425875792,0.008373583119891266,0.5170146377139623,0.5036995564801239,0.5752974
128,2025-09-08 04:00:00+00:00,0.0176552892958981,2,log_ret_next,0.005761999783843115,-0.003444146329893652,-0.0032991585,-0.00158327431344312,0.0006975761497664074,-7.665750461744678e-05,0.005506529933253092,0.5055135055791655,0.40177486862313144,0.4282114
129,2025-09-09 04:00:00+00:00,-0.0180807359878114,2,log_ret_next,0.006041488048375952,-0.000910381294947218,-0.002224019,-0.001704793787955069,0.0006975761497664074,0.0002789350310823549,0.0064619207524142545,0.5081476801222228,0.4893218377640231,0.53140384
130,2025-09-10 04:00:00+00:00,-0.0014372102053956,2,log_ret_next,0.008140141165187373,-0.0017304156732260523,-0.0013854603,-0.0009950411579093157,0.0006975761497664074,0.0001777895723123684,0.007416435985446409,0.4785069626966442,0.4391917425026229,0.4772119
131,2025-09-11 04:00:00+00:00,0.0062264497177505,2,log_ret_next,0.000516141494664052,-0.006985930956236087,-0.006445368,-0.0035587453446186495,0.0006975761497664074,-0.00024319857427383137,0.0006186297214380738,0.34283166810129173,0.3246079448974998,0.3263776
132,2025-09-12 04:00:00+00:00,0.011984616983829,2,log_ret_next,0.01414905139991833,0.01667491477700119,0.018551199,0.007984946604911012,0.0006975761497664074,0.005657714046048431,0.012854517561456311,0.448530771450206,0.4846323353295987,0.56380266
133,2025-09-15 04:00:00+00:00,0.0185274166889913,2,log_ret_next,6.26568106654688e-05,-0.0030226872331626763,-0.0023304818,-0.0031243652898747896,0.0006975761497664074,-0.0008162400541073307,-0.00224165788814986,0.33660451624139376,0.4063080449276198,0.42226356
134,2025-09-16 04:00:00+00:00,-0.0042193755624497,2,log_ret_next,0.004413275994048434,0.009815338738703307,0.011210011,0.016413273423705486,0.0006975761497664074,0.005020996984209465,0.0027225503608496195,0.37991148749310044,0.6725209223032108,0.66752726
135,2025-09-17 04:00:00+00:00,0.0058227494352141,2,log_ret_next,0.005718497549926012,-0.004552128218439023,-0.0029882947,-0.004353230760704954,0.0006975761497664074,-0.00014769614184863202,0.0032560517247762974,0.3644792913303128,0.5025475928134739,0.50669104
136,2025-09-18 04:00:00+00:00,-0.0023995864144693,2,log_ret_next,0.01590772402330039,-0.002367022181889104,-0.0004702809,-0.0016130532638283408,0.0006975761497664074,0.0002957057554339959,0.01327535026291502,0.46668056834481114,0.4717059508874957,0.43153274
137,2025-09-19 04:00:00+00:00,-0.0164551396778731,2,log_ret_next,0.013252885343669819,-0.005840210913650733,-0.0025764504,-0.0017710405625331012,0.0006975761497664074,-0.0012331285490796689,0.011030436509469875,0.44492789322498394,0.47100976578134185,0.56185585
138,2025-09-22 04:00:00+00:00,-0.0128375096187831,2,log_ret_next,0.01190663233476848,-0.002021840866158225,-0.0032239016,-0.0028412815123684708,0.0006975761497664074,-0.0004477422241958508,0.010433896710426585,0.4307446484667744,0.4039436740034368,0.42146888
139,2025-09-23 04:00:00+00:00,0.0069390180511237,2,log_ret_next,0.01281310093743026,-0.005569019518726175,-0.0024177916,-0.004209436163907676,0.0006975761497664074,0.00180921089981234,0.00977473914912078,0.4579805223007895,0.548968003354301,0.45323366
140,2025-09-24 04:00:00+00:00,-0.0155676522270742,2,log_ret_next,0.013430155386732283,0.016357112923832393,0.034364536,0.015371411046743909,0.0006975761497664074,0.007567145597769467,0.012042526464559956,0.472823569365232,0.6724837825723636,0.78705865
141,2025-09-25 04:00:00+00:00,-0.0069138145673834,2,log_ret_next,0.009877470255074178,-0.0015321909846121567,0.010561678,0.006637624462805813,0.0006975761497664074,0.0006648158004302722,0.007373468668594911,0.4272084370825003,0.5185651360685506,0.6415181
142,2025-09-26 04:00:00+00:00,-0.0004707214241749,2,log_ret_next,0.009519821787386574,-0.001761065942396863,-0.0005783764,-0.001749925110427179,0.0006975761497664074,0.0006750063289706269,0.009739440679806031,0.4245126709206764,0.45516545109984335,0.5968251
143,2025-09-29 04:00:00+00:00,-0.0122076313882999,2,log_ret_next,0.01048960722844996,-0.0030431996290167115,-0.002201147,-0.0029018060821305713,0.0006975761497664074,-0.00041252512471658625,0.00918473807503693,0.43573676507020853,0.4063754739799493,0.538286
144,2025-09-30 04:00:00+00:00,-0.0234766919996475,2,log_ret_next,0.005560371127245408,-0.004741598393759605,-0.0031770007,-0.002970512189084846,0.0006975761497664074,0.0008615718677906141,0.004912021883080863,0.4048810457032821,0.47823938223579565,0.5484405
145,2025-10-01 04:00:00+00:00,0.0134453249606338,2,log_ret_next,0.0037646802415844437,-0.0058437203324979755,-0.002826717,-0.0031243652898747896,0.0006975761497664074,0.00019430160117589107,0.0021328383750168433,0.40407870086345554,0.503904621431325,0.60988003
146,2025-10-02 04:00:00+00:00,-0.0229418599359641,2,log_ret_next,0.00935054285278296,-0.0013863393930966922,-0.002321274,-0.00158327431344312,0.0006975761497664074,0.0007012023747312851,0.007661308139283653,0.47600178082442507,0.4099754205475311,0.35692778
147,2025-10-03 04:00:00+00:00,0.0071517760648933,2,log_ret_next,0.005609513417038631,-0.0015573482711449802,-0.0032162599,-0.0023360583073661133,0.0006975761497664074,0.0003793776360386383,0.005456388908549645,0.451434531155183,0.4208486058014717,0.3954922
148,2025-10-06 04:00:00+00:00,-0.0036115544569888,2,log_ret_next,0.011363364888025968,0.0007360144033113449,0.001554557,0.001229812332866711,0.0006975761497664074,0.002461985769421278,0.010334589451568564,0.4840617859949247,0.3831583737628998,0.3747655
149,2025-10-07 04:00:00+00:00,0.006653147609519,2,log_ret_next,0.010476647858761975,-0.0010617140578306863,-0.0012858822,-0.00015475128179343327,0.0006975761497664074,0.0004408568066610374,0.009360852496006631,0.47582574599823246,0.43750835130448296,0.53715336
150,2025-10-08 04:00:00+00:00,0.0215944380875486,2,log_ret_next,0.010641108400869898,0.0014289337625088298,-9.0899804e-05,-0.00030391309562286445,0.0006975761497664074,0.0010018820966559946,0.009238667512478243,0.4790825886301945,0.47473492827578595,0.4272321
151,2025-10-09 04:00:00+00:00,-0.039217988314609,2,log_ret_next,0.011423784193037351,-0.000833463444330056,0.0006056572,0.000316743301452378,0.0006975761497664074,0.00015206740875229433,0.009518282328485972,0.49798257173560617,0.48691968251453394,0.50342995
152,2025-10-10 04:00:00+00:00,0.0146378628329702,2,log_ret_next,0.013199782173510036,0.0002994855278139034,0.00041927843,0.0037239437509504936,0.0006975761497664074,-0.00018214514636488173,0.010863281224003384,0.5079980777674569,0.40187752349154854,0.32303482
153,2025-10-13 04:00:00+00:00,-0.0098993270433874,2,log_ret_next,0.010654705584526001,-0.009422047146169588,-0.0029781202,-0.005481812477701865,0.0006975761497664074,0.0008035098844949315,0.010518967776272342,0.4549115828393,0.4073716366734228,0.1719679
154,2025-10-14 04:00:00+00:00,0.0124808995070726,2,log_ret_next,0.014601491530911016,-0.004634545353608344,-0.0049353116,-0.0061164432669309245,0.0006975761497664074,5.746955322477675e-05,0.014783470780480737,0.4898639151238479,0.5830309677888738,0.5545938
155,2025-10-15 04:00:00+00:00,-0.007666397128163,2,log_ret_next,0.01202701930038864,0.007171416975646442,0.006194948,0.009941218823221427,0.0006975761497664074,0.0025725659200144966,0.012719440374154208,0.48445393806537107,0.5064332530412274,0.6205587
156,2025-10-16 04:00:00+00:00,0.006787982013837,2,log_ret_next,0.010269378960075277,0.0009812622332235868,0.004440577,0.004977824520814914,0.0006975761497664074,0.002002393297929829,0.007779849379583221,0.4943438922003475,0.6001695797142252,0.58524394
157,2025-10-17 04:00:00+00:00,0.0210484371375758,2,log_ret_next,0.009611319338446432,0.0008962421290271988,0.0009920057,-0.0008705026421584634,0.0006975761497664074,0.0007526718957762013,0.00962583861386097,0.5000719073213463,0.4195092338986126,0.4557227
158,2025-10-20 04:00:00+00:00,0.0015013631508518,2,log_ret_next,0.00944545855112617,-0.0006810178917498103,-0.002940973,0.004346098299276565,0.0006975761497664074,0.0002571765247312057,0.008876293583021548,0.5157630151579752,0.3496458695011362,0.22490112
159,2025-10-21 04:00:00+00:00,0.000190833153887,2,log_ret_next,0.010213407336342276,0.0015146630230825902,0.0022507778,-0.0015187204488725304,0.0006975761497664074,0.0008551452326528229,0.010108443198905102,0.5083114110898171,0.4911697858063603,0.6126709
160,2025-10-22 04:00:00+00:00,0.0008041643807585,2,log_ret_next,0.004674776950104904,-0.0035227487388111954,0.00079024665,-9.757544563651623e-05,0.0006975761497664074,-0.0003890686633720312,0.003867730215168119,0.47173502702528214,0.5116859311673368,0.5296161
161,2025-10-23 04:00:00+00:00,0.0059224796536112,2,log_ret_next,0.00985797414520254,-0.00010785030246544033,-0.00011841013,-0.0006413478043637708,0.0006975761497664074,0.00017198078362629264,0.00916457379492943,0.5132113668517762,0.5914727754087289,0.575245
162,2025-10-24 04:00:00+00:00,0.0167344093006636,2,log_ret_next,0.012353083108700041,5.213860809329991e-05,0.0018488556,0.003704258293985309,0.0006975761497664074,0.0005127895175849801,0.012360773417674316,0.5277256962927496,0.4752444318131491,0.5765188
163,2025-10-27 04:00:00+00:00,0.0008254391865893,2,log_ret_next,0.008996026258196123,0.002092070160925982,0.00090125663,-0.00041069016842218035,0.0006975761497664074,0.0007813536278308586,0.00993237645438306,0.4975152374724652,0.4013424082659227,0.4266133
164,2025-10-28 04:00:00+00:00,0.0003060119173459,2,log_ret_next,0.010249026649348781,0.0034002754453051325,0.00074489095,0.0035670341447763777,0.0006975761497664074,-5.867605567917035e-06,0.008606396138181394,0.5457077685093679,0.5647185624179607,0.6626764
165,2025-10-29 04:00:00+00:00,-0.1203022510996158,2,log_ret_next,0.005337689786399779,-0.00022857575984208363,-0.0008874089,0.00018374871007570618,0.0006975761497664074,0.0002717187540040723,0.0038230837023630654,0.5221090454253963,0.5669126335659217,0.5832176
166,2025-10-30 04:00:00+00:00,-0.0275644394193636,2,log_ret_next,-0.0017572136351879097,-0.003774862770289681,-0.0012942099,-0.004329197563790016,0.0006975761497664074,-0.0012126252514406165,-0.0016323573426063112,0.39504630097561627,0.40353639597475355,0.36616868
167,2025-10-31 04:00:00+00:00,-0.0165469723155761,2,log_ret_next,0.002714656452738748,-0.008182285375871606,-0.0115773035,-0.00845387614747815,0.0006975761497664074,-0.003616316594440115,0.0031565047416812694,0.40310021268756624,0.35194138612435183,0.2083818
168,2025-11-03 05:00:00+00:00,-0.0164269497873696,2,log_ret_next,0.006389737207645475,-0.012740785340210574,-0.01071052,-0.0062326188888445835,0.0006975761497664074,-0.00550546677020045,0.005678981924580083,0.437358549662053,0.2740410415302328,0.13546132
169,2025-11-04 05:00:00+00:00,0.0136631960648558,2,log_ret_next,0.003439242976772157,-0.005446582038892021,0.0012787328,0.0020596384294193793,0.0006975761497664074,-0.009757430867700156,0.004300530199148879,0.4235461620839194,0.4167839975868725,0.3817656
170,2025-11-05 05:00:00+00:00,-0.02711163276579,2,log_ret_next,0.007399883918742297,-0.010576165172405349,-0.00655262,-0.009362274155582962,0.0006975761497664074,-0.007005735998998457,0.007056830407672024,0.4269650465222649,0.34565249771521017,0.21655898
171,2025-11-06 05:00:00+00:00,0.0044654385362763,2,log_ret_next,0.013235341561883478,0.0019778863880716975,0.0045939744,0.004103235319262657,0.0006975761497664074,0.00023137016293659488,0.012138306963103085,0.5093951917586227,0.44368940995428086,0.37569
172,2025-11-07 05:00:00+00:00,0.0160358272409227,2,log_ret_next,0.012503206148355756,-0.002324817250605294,0.002399635,0.00025480840712222285,0.0006975761497664074,-0.0008202840379964251,0.0131932457456193,0.500736875410178,0.4762552183679484,0.59815514
173,2025-11-10 05:00:00+00:00,-0.0074353890597221,2,log_ret_next,0.014276086419550494,0.0008815014830507406,0.002413376,-0.008293785501116055,0.0006975761497664074,0.0003995305084134855,0.013439672142001684,0.502565855946616,0.33733272538125286,0.3916485
174,2025-11-11 05:00:00+00:00,-0.0292394724049064,2,log_ret_next,0.010176865420271517,-0.0017642643957604637,-0.006721497,0.006850021259086859,0.0006975761497664074,-0.002134458307693971,0.010375933698383993,0.4963798258034878,0.5034962688475033,0.5306625
175,2025-11-12 05:00:00+00:00,0.0014439079546312,2,log_ret_next,0.005666616776038478,0.0027075915563572355,0.0025811403,0.0003209530721229211,0.0006975761497664074,-0.0005441926442926981,0.004215225788013727,0.4705539156780042,0.5103125842813684,0.4851263
176,2025-11-13 05:00:00+00:00,-0.0007052558482812,2,log_ret_next,0.014677623031393125,0.0023249034774526565,0.0031550396,0.0005887184263159309,0.0006975761497664074,0.0009742303822014728,0.011373661535258229,0.5446866792349072,0.4704304475855389,0.5953128
177,2025-11-14 05:00:00+00:00,-0.0122993298859198,2,log_ret_next,0.014455032044634785,0.0015950538202935635,0.0020702505,0.00392705895991892,0.0006975761497664074,0.0004059331294721624,0.01234185526110422,0.5167912238815767,0.47495723462436806,0.51859665
178,2025-11-17 05:00:00+00:00,-0.0072018110579028,2,log_ret_next,0.02152968781040004,0.005013761842491245,0.003654981,0.003976170257377492,0.0006975761497664074,0.0002830784323510749,0.01863898545600505,0.5742992567534798,0.5043468509487113,0.36776546
179,2025-11-18 05:00:00+00:00,-0.0124074951839244,2,log_ret_next,0.019220304294995074,0.0030989224710202294,-3.788632e-05,0.0009599483050800994,0.0006975761497664074,-0.0001676943666620072,0.01815855774224802,0.5586601185884953,0.5702515023103083,0.5545655
180,2025-11-19 05:00:00+00:00,-0.0019838743357247,2,log_ret_next,0.01966027687191667,0.005232883010577467,0.004871091,0.0031740776847355647,0.0006975761497664074,0.0013067514151369204,0.018071110659940985,0.5705124440220701,0.6023841170562482,0.59579426
181,2025-11-20 05:00:00+00:00,0.0086192540992571,2,log_ret_next,0.021770548288979497,0.001741078288580972,0.0003166496,0.0032820678762192136,0.0006975761497664074,-0.000501608277304939,0.020379290770112586,0.5893357761322113,0.5355043097997949,0.5694912
182,2025-11-21 05:00:00+00:00,0.0311463729206906,2,log_ret_next,0.011997290063044674,0.001396644162863217,0.004861987,0.0023892308923307813,0.0006975761497664074,-0.0004962853671730554,0.011993719409431136,0.5004065174912441,0.4931214956782799,0.5665132
183,2025-11-24 05:00:00+00:00,0.0370978281431094,2,log_ret_next,0.01935326126662144,0.0030176867503041095,0.003979279,0.00016880689475719192,0.0006975761497664074,0.005354463658634741,0.016912560242721662,0.5511690952643818,0.46629459379196375,0.55583256
184,2025-11-25 05:00:00+00:00,-0.0041107548148767,2,log_ret_next,0.00828826262969939,0.0028630833159365853,-0.0014949734,-0.001362270993365829,0.0006975761497664074,-0.002646099401382652,0.008852641066214988,0.47875881044912144,0.40679360304284734,0.5181355
185,2025-11-26 05:00:00+00:00,0.0223799958441142,2,log_ret_next,0.005775733724865723,0.0005617143923724807,-0.0010998755,0.0023132683449706725,0.0006975761497664074,-0.00046271308747225347,0.003343261803922968,0.4842859239381325,0.4560083268916342,0.543884
186,2025-11-28 05:00:00+00:00,-0.0109869813985026,2,log_ret_next,0.0042074920373421625,-0.0014039514297246119,-0.0013962004,0.005948748773118712,0.0006975761497664074,-0.002677823727798361,0.0018887835345121964,0.466093616600663,0.49207695580320654,0.5824308
187,2025-12-01 05:00:00+00:00,0.0096742010555494,2,log_ret_next,0.006010845219866144,-0.00010912746927227734,-0.0022539233,-0.0006476752456794813,0.0006975761497664074,-0.001544504191471124,0.003814868803402097,0.45114612498442663,0.4607692691509343,0.44687364
188,2025-12-02 05:00:00+00:00,-0.0116578748292077,2,log_ret_next,0.01058328689414761,0.0009998723231760347,0.0028123022,0.0030107029865743154,0.0006975761497664074,1.81876515116582e-05,0.008317323746872695,0.504209012909348,0.3438598690837407,0.33682942
189,2025-12-03 05:00:00+00:00,0.0337125104932914,3,log_ret_next,-0.00018064461868046036,-0.001219253370234323,-0.002905734,0.0028548423947375285,0.0006532597983847752,-0.0004738798347393148,0.0010957816055548113,0.4849075888913413,0.5509048484817103,0.48860905
190,2025-12-04 05:00:00+00:00,0.0178137791754038,3,log_ret_next,0.0009036921190441203,0.00025488953061236454,-0.00090902566,0.004171906837849959,0.0006532597983847752,-0.00046049480177134077,0.00045559322611420333,0.4908589420368535,0.5066173749430869,0.542297
191,2025-12-05 05:00:00+00:00,-0.0098790836582196,3,log_ret_next,0.00023571534129909766,-0.0012945607875063866,-0.00042577295,0.0007757811669252784,0.0006532597983847752,0.00015427153973465775,-0.0001547899428593723,0.47678532227026355,0.3759975545282172,0.3618683
192,2025-12-08 05:00:00+00:00,-0.0148669077889681,3,log_ret_next,0.005425652033986225,0.001636103864202199,0.0011694081,0.002839079001507289,0.0006532597983847752,-0.0005608759645005917,0.0046027966431264715,0.5530042849276243,0.4821550343179199,0.5237761
193,2025-12-09 05:00:00+00:00,-0.0104508344246992,3,log_ret_next,0.003992052998217704,0.0016138553455810143,0.002699251,-0.00019257127105945214,0.0006532597983847752,0.0015551762805469658,0.0030353460047652337,0.5161320750805983,0.39003804387020335,0.3007798
194,2025-12-10 05:00:00+00:00,0.0039605579365914,3,log_ret_next,0.0014250514780779116,-0.00024541693370675344,0.00062901777,-5.447528435022273e-05,0.0006532597983847752,2.0059886848088522e-05,0.0009392807583384243,0.47771391581269845,0.32096560229908755,0.3156923
195,2025-12-11 05:00:00+00:00,-0.0130771118618333,3,log_ret_next,0.003911204778268395,-0.003336517888666431,-0.0004903801,-0.0004917417807844248,0.0006532597983847752,-0.0005383145997007336,0.0025769207596882315,0.5153672722198335,0.41752110624971495,0.48186475
196,2025-12-12 05:00:00+00:00,0.0058936793805049,3,log_ret_next,-0.004513625800812758,-0.0063286165007229575,-0.0053380914,0.008970313508375077,0.0006532597983847752,-0.0024489462304726323,-0.004638590283607488,0.46719660082467024,0.5477663619408333,0.41424447
197,2025-12-15 05:00:00+00:00,0.0147780875277543,3,log_ret_next,0.0021147798427754985,0.002025349823355823,0.0019162113,0.011964997168023257,0.0006532597983847752,0.0023959644984685607,0.001164011233063238,0.5042064946630046,0.5998573323907259,0.7203773
198,2025-12-16 05:00:00+00:00,-0.0117095039687927,3,log_ret_next,0.0054021399857810065,0.0018324424975884098,0.0025308242,0.009392489377555114,0.0006532597983847752,0.002075709677087862,0.005018102318835153,0.520031571915534,0.59008862063191,0.64415455
199,2025-12-17 05:00:00+00:00,0.022756813038495,3,log_ret_next,0.0033829866357087323,-0.002263144600751119,0.002430626,0.0019790822318686927,0.0006532597983847752,0.0005571652182461397,0.004436500804727051,0.5030883580064212,0.5679953477339165,0.64107877
200,2025-12-18 05:00:00+00:00,-0.0085851595750835,3,log_ret_next,0.003643238356250288,0.001532225943514479,0.004042372,0.0034379095208298817,0.0006532597983847752,0.0021955899241872094,0.002221759492849064,0.4976437122813796,0.45578472896778005,0.38312793
201,2025-12-19 05:00:00+00:00,0.0041354939809448,3,log_ret_next,-0.0004675241223815968,-0.003861251042155654,-0.0028992486,-0.00863482499372339,0.0006532597983847752,0.000130289940252388,0.0015444381753804502,0.4664492040839253,0.5274784232928846,0.38632953
202,2025-12-22 05:00:00+00:00,0.0051868311379818,3,log_ret_next,-0.0035939427956017825,-0.0007247206786153363,0.0013423929,-0.003359841690735508,0.0006532597983847752,-0.0010146772033760082,-0.0018103891933182927,0.47015208658272667,0.42848820237267643,0.468954
203,2025-12-23 05:00:00+00:00,0.0039174608567941,3,log_ret_next,-0.0069624640794277775,-0.00033556907813086324,0.0031963738,-0.0017090251619263912,0.0006532597983847752,-0.00012551046297402826,-0.004927314933200429,0.43155777947282137,0.4810585495294221,0.5572505
204,2025-12-24 05:00:00+00:00,-0.0064020083931732,3,log_ret_next,-0.006152425510838094,-0.001685554117595593,-0.0034757094,-0.002106478538016628,0.0006532597983847752,-0.0005966830805475535,-0.0036935600443125252,0.44735977379926334,0.4140566171301186,0.50337845
205,2025-12-26 05:00:00+00:00,-0.0069592493366921,3,log_ret_next,-0.006353702435790244,-0.002056893910685924,-0.004357536,-0.0038077091856111296,0.0006532597983847752,-0.0007429553063678335,-0.003716363938670611,0.45214461437870634,0.6000077411376298,0.77718
206,2025-12-29 05:00:00+00:00,0.0109615931573701,3,log_ret_next,-0.006554597136332881,0.0007368703875533787,0.0009996159,0.0015907531821504257,0.0006532597983847752,0.0007011417773895223,-0.002383475785891381,0.4115010851286664,0.49664060421666234,0.59884036
207,2025-12-30 05:00:00+00:00,-0.0088383809325764,3,log_ret_next,-0.0030982001935420146,-0.002555832794881773,0.00063719007,-0.0014636378141555308,0.0006532597983847752,0.0013157002669384108,-0.0005251113461583033,0.45735563039506455,0.5695148756118953,0.5081829
208,2025-12-31 05:00:00+00:00,-0.014773338065621,3,log_ret_next,-0.0017484917172944927,-0.0008387949614394887,0.0007889525,0.0001997433591110222,0.0006532597983847752,0.0007965938469109039,0.0008017960958521698,0.46855188552587873,0.46594055606994994,0.36792544
209,2026-01-02 05:00:00+00:00,0.0128018937425964,3,log_ret_next,-0.0022304568953252875,0.0035577764632909892,1.2855504e-05,0.0019008293851636563,0.0006532597983847752,0.0029307660424842757,0.00012515200129168509,0.44898681298290344,0.6443178285000548,0.6227072
210,2026-01-05 05:00:00+00:00,0.0027739948925622,3,log_ret_next,-0.00020773077169496763,-0.001047374156615142,-0.0006050105,-0.0016114293955604455,0.0006532597983847752,-0.00036836631882063956,0.0005349599239143824,0.47534511456043965,0.3653943048563814,0.30741438
211,2026-01-06 05:00:00+00:00,-0.0182238321967445,3,log_ret_next,-0.0031035464136332826,-0.0037697527192084497,-0.004479647,-0.003625498530337883,0.0006532597983847752,-0.0005786172793256301,-0.0008730157880217081,0.4351994401527982,0.484400178160993,0.37529576
212,2026-01-07 05:00:00+00:00,-0.004062573469867,3,log_ret_next,-0.006534475853824817,-0.0004462928617305586,-0.00016171866,-0.00011074410592676276,0.0006532597983847752,-0.0001679809803078049,-0.0025643803461655613,0.44777447739973414,0.49904819712613924,0.5353293
213,2026-01-08 05:00:00+00:00,0.0107766299834279,3,log_ret_next,-0.004927196380250074,0.0046566147913647965,0.006652964,0.004912048093137673,0.0006532597983847752,0.002869655252481911,-0.0020513178945807363,0.43390206104093776,0.5240681185297205,0.44594827
214,2026-01-09 05:00:00+00:00,-0.0171274769407979,3,log_ret_next,-0.0008770528905533656,0.00435798795217793,0.0058673588,0.007160302834249638,0.0006532597983847752,0.0026452703925496355,-0.0003533300265934192,0.4604731512484003,0.46115368639276433,0.58890855
215,2026-01-12 05:00:00+00:00,-0.0170930023209039,3,log_ret_next,0.005623335303217102,-0.004637006600490259,-0.0075173853,-0.0026940302391286162,0.0006532597983847752,-0.001173885517192214,0.004536025912352894,0.5394645996975613,0.494679696788088,0.46815112
216,2026-01-13 05:00:00+00:00,-0.024981054934082,3,log_ret_next,0.004564544953612799,0.0006724782031689797,-0.0009976584,0.0012298222458227376,0.0006532597983847752,-2.3922392187622756e-05,0.003002368536108744,0.5310206892755958,0.4789227480495093,0.3531414
217,2026-01-14 05:00:00+00:00,0.0085414784703358,3,log_ret_next,0.0013155497850960121,-0.003927066927732232,-0.0039274553,0.0005321687688527825,0.0006532597983847752,-0.00041337492535903635,0.0006351254087500986,0.4849809701698564,0.4699363877468932,0.4508834
218,2026-01-15 05:00:00+00:00,-0.0008863266337104,3,log_ret_next,0.004845830416207763,0.0017595907804660016,3.7983984e-05,0.002246476990206133,0.0006532597983847752,0.0012010267070683633,0.0023472563032939154,0.48964511779353287,0.3755331547368685,0.40891978
219,2026-01-16 05:00:00+00:00,-0.0263497769562904,3,log_ret_next,0.004518157336515782,-0.0031326916397739924,-0.004908596,-0.0020803612996706236,0.0006532597983847752,-0.0020086684431969907,0.0034177503720840973,0.4918374621648459,0.5121230874483839,0.49145874
220,2026-01-20 05:00:00+00:00,0.014526871183521,3,log_ret_next,0.03315048271588042,0.0011508404574566728,0.0005168411,0.0026919647845887844,0.0006532597983847752,0.0022161467551010503,0.021119227265731812,0.7530254917166292,0.48794468518411827,0.36523795
221,2026-01-21 05:00:00+00:00,0.0550198363627924,3,log_ret_next,0.02745606881304222,-0.002125834402274034,0.003489175,0.004571820335088613,0.0006532597983847752,0.0014851017382350854,0.015509639808656576,0.6747439603432408,0.3517558949980548,0.23430268
222,2026-01-22 05:00:00+00:00,0.0170397416683272,3,log_ret_next,0.027682702442778925,-0.0032962523068387033,-0.008053979,-0.0033813084882718648,0.0006532597983847752,-0.0040390455155182815,0.016199470412352947,0.6861075428265848,0.42805334448920157,0.4386237
223,2026-01-23 05:00:00+00:00,0.0204345947483338,3,log_ret_next,0.025331392273482148,-0.003127683071068133,-0.0072244843,-0.00556343364920429,0.0006532597983847752,-0.004473846720492913,0.013301627132744919,0.6830312819551261,0.45127897122172717,0.50049126
224,2026-01-26 05:00:00+00:00,0.0009068190158369,3,log_ret_next,0.043661654618671907,-0.0017375915157938674,-0.00095268025,0.00045362572495267974,0.0006532597983847752,-0.0010386059465598018,0.02426270623691653,0.8160993988345773,0.47674300170938855,0.5099416
225,2026-01-27 05:00:00+00:00,-0.0063203465799622,3,log_ret_next,0.052672785261617464,0.0012324023924999003,-0.0013774954,-0.002820308612717138,0.0006532597983847752,-0.00027924647082551565,0.030506825749624218,0.8791939640171977,0.5144245071933455,0.4010022
226,2026-01-28 05:00:00+00:00,0.0989834252817276,3,log_ret_next,0.04817948903861728,-0.0010987104966500095,-0.0063978666,-0.0017213706016037732,0.0006532597983847752,-0.001689271090162536,0.028384627588791327,0.8620205248481085,0.5190284082887788,0.38793728
227,2026-01-29 05:00:00+00:00,-0.0299855400279704,3,log_ret_next,0.04605587803366605,-0.0050556082719639996,-0.006584411,-0.006428391200027439,0.0006532597983847752,-0.0024923733238013117,0.024435373061993504,0.8212008443164138,0.47400403763971544,0.38242024
228,2026-01-30 05:00:00+00:00,-0.0141824798101153,3,log_ret_next,0.050229540413461,-0.009481282717147495,-0.0062448396,-0.002149185417396567,0.0006532597983847752,-0.007368610348221104,0.026387231536704588,0.8326803100319431,0.41041750536937316,0.20354837
229,2026-02-02 05:00:00+00:00,-0.0210434142037029,3,log_ret_next,0.07425575267356546,-0.010169323295111998,-0.008276446,-0.007956092827834216,0.0006532597983847752,-0.00631584889752124,0.0418969555995583,0.9206561171841837,0.24248115231986328,0.21545523
230,2026-02-03 05:00:00+00:00,-0.0333832555185717,3,log_ret_next,0.07670446126889172,-0.0001340060588851606,0.0012530935,-0.010502391052498209,0.0006532597983847752,-0.001758644241340408,0.044369817783729684,0.9273271366080192,0.49596968616240134,0.45576692
231,2026-02-04 05:00:00+00:00,0.0018220311599192,3,log_ret_next,0.06429184790116138,-0.004500974164052883,-0.005883449,-0.015039971450259008,0.0006532597983847752,-0.0033596214133972298,0.035398990593190356,0.9052174741641966,0.4763180183934125,0.29358125
232,2026-02-05 05:00:00+00:00,-0.0131415825825243,3,log_ret_next,0.0870269353003782,0.0013995694423206831,0.0055636093,0.01277612262071526,0.0006532597983847752,0.0006666627656799523,0.051468125788930195,0.9623313683336513,0.4352247620371478,0.625763
233,2026-02-06 05:00:00+00:00,0.0235465936218587,3,log_ret_next,0.08321315640234563,0.0034915084733632734,0.004154886,0.0019363588135934552,0.0006532597983847752,0.0010324117066140596,0.04922816868199773,0.948137237493132,0.4204218822050414,0.4394846
234,2026-02-09 05:00:00+00:00,-0.0096444213622629,3,log_ret_next,0.052743989753318836,0.00020133878528432708,-0.0023749832,-0.0070119736587410855,0.0006532597983847752,0.0015917569335662826,0.03212992693520611,0.8790695914314633,0.5137669259190509,0.57059956
235,2026-02-10 05:00:00+00:00,-0.0030311403627971,3,log_ret_next,0.044005684918050854,-0.0034394725478015457,-0.0037778572,-0.003981038992970726,0.0006532597983847752,-0.0006182491242570568,0.024275975031324202,0.83541663315262,0.5584899872248283,0.50835174
236,2026-02-11 05:00:00+00:00,-0.0286405694999835,3,log_ret_next,0.04570349673551389,-0.0015624214485033911,0.0027040553,0.002984643335555833,0.0006532597983847752,-0.0021249110638085276,0.0258362126915822,0.8691439108946568,0.5234409352537628,0.60045683
237,2026-02-12 05:00:00+00:00,-0.0155712414184508,3,log_ret_next,0.050405193404205684,0.005530754799609605,0.010146755,0.010028679754294355,0.0006532597983847752,0.0017343005239870799,0.03076447491517345,0.8649066495910537,0.6007601175308661,0.7530474
238,2026-02-13 05:00:00+00:00,-0.0007506161202155,3,log_ret_next,0.049386885361598465,0.0030917985760284977,0.009800582,0.0038116501255092035,0.0006532597983847752,0.001467178556327063,0.027979864440101393,0.8466074980826945,0.47431725938207636,0.41233534
239,2026-02-17 05:00:00+00:00,0.006128615190106,3,log_ret_next,0.05429099936619781,0.0033585668190720874,0.0027203131,-0.0005859114272137472,0.0006532597983847752,0.001502934534572789,0.033266378917419834,0.882832321681853,0.4705237419695344,0.44705415
240,2026-02-18 05:00:00+00:00,0.0024224524171652,3,log_ret_next,0.05222141858038582,-0.0003220740719802147,0.0049252636,-0.0018484977525627245,0.0006532597983847752,0.0016680778462848755,0.030632326985682207,0.861707771943703,0.3679956737344574,0.42519778
