,date,y_true,window_id,target,y_pred_linear,y_pred_rf,y_pred_xgb,y_pred_gbr,y_pred_elasticnet,y_pred_extratrees,y_pred_sgd,y_pred_stack,cl_logreg,cl_rf,cl_xgb,cl_stack
0,2025-03-05 05:00:00+00:00,-0.0590859937877392,0,log_ret_next,0.012554086851204425,-0.01332054544486901,-0.011901848,-0.014992459591271386,0.002122599289452302,-0.0008109873859713506,0.001124790058047471,0.002080357999485652,0.6893736111630452,0.6902945691193303,0.6733766,0.5096750533585215
1,2025-03-06 05:00:00+00:00,0.0189919724845133,0,log_ret_next,0.005262628339318649,0.02170713967651278,0.023386784,0.033193467435341774,0.002122599289452302,0.010206975562905523,-0.0029109136961896678,0.0021672776084102176,0.562686124374774,0.6738651206842918,0.8230253,0.510306196337684
2,2025-03-07 05:00:00+00:00,-0.0519988896647723,0,log_ret_next,0.007062278780841657,0.0006633991548204,0.008472964,0.021806164380546292,0.002122599289452302,0.006839566385470262,-0.0021746066311434734,0.00202517052134191,0.5846640821295521,0.6606586781540145,0.67420036,0.5084472495310424
3,2025-03-10 04:00:00+00:00,0.0165017636951998,0,log_ret_next,0.009788988209463816,0.03075255340862405,0.03963791,0.02503973493025315,0.002122599289452302,0.009191191720693711,-0.0006021450439927065,0.0022594003907302914,0.6154192591365333,0.74152363567772,0.8147522,0.49216768853124726
4,2025-03-11 04:00:00+00:00,0.0622946922163796,0,log_ret_next,0.00661790051686628,0.0175923104948091,0.02597311,0.023639780081546595,0.002122599289452302,0.009164658442928802,-0.0025269866445377914,0.002156977242266433,0.5989460582188461,0.7221016261872891,0.7433447,0.49283206761824466
5,2025-03-12 04:00:00+00:00,-0.0013833840574488,0,log_ret_next,0.05181194772615547,0.00676853460793738,-0.00023037594,-0.0068350916666431345,0.002122599289452302,0.0016680917114580563,0.014041082110156386,0.00223383421008072,0.9855681717004757,0.6567375613721098,0.59977764,0.5494597038262646
6,2025-03-13 04:00:00+00:00,0.0513494904133522,0,log_ret_next,-0.0011441676352310472,0.011199904578109812,0.013884039,-0.0007976302006951391,0.002122599289452302,0.008629648468300104,-0.006198874629744714,0.0022213066492347672,0.5782015779786831,0.7018802768130304,0.640232,0.4914139929166522
7,2025-03-14 04:00:00+00:00,-0.0177450647701536,0,log_ret_next,-0.003938591806445955,0.007926948917890015,0.0062755635,-0.0038746888180880403,0.002122599289452302,0.009750145718183835,-0.007371458589477104,0.0022177662135997502,0.5532288822278352,0.6574750516540088,0.63477397,0.503733993862488
8,2025-03-17 04:00:00+00:00,-0.0349030555259403,0,log_ret_next,-0.0031544928530630434,0.011928315319583114,0.0037480963,-0.008321519912941219,0.002122599289452302,0.010892472995719875,-0.005801563194577004,0.002286011761136788,0.5630524270807254,0.7270173123437312,0.63272,0.480584424626226
9,2025-03-18 04:00:00+00:00,0.0179441956457009,0,log_ret_next,0.00583437989651352,0.009871510128846815,0.00617128,0.0015423384510228682,0.002122599289452302,0.007426255577018862,-0.0017168378137178357,0.002216057672078742,0.6200925089662238,0.693237558765793,0.6320218,0.4985453024580324
10,2025-03-19 04:00:00+00:00,0.0085575164698253,0,log_ret_next,-0.027006210241273646,0.011738808859309004,-0.0019691486,-0.003217189468350758,0.002122599289452302,-0.006163150447746226,-0.012767455194470813,0.002276425616541941,0.1489181405569739,0.6158649590142735,0.51993954,0.46675138562319407
11,2025-03-20 04:00:00+00:00,-0.0070270780484794,0,log_ret_next,-0.003992201218206348,0.00887303482664813,0.0015786922,-0.003217189468350758,0.002122599289452302,-0.012079238263366631,-0.0030112022773897146,0.002236760433735496,0.5242195910549561,0.5843060546213001,0.50251544,0.5180246088979736
12,2025-03-21 04:00:00+00:00,0.0310343056247466,0,log_ret_next,-0.004226366316641531,0.010342854842286366,-0.0014536993,0.00431156036250061,0.002122599289452302,-0.004847706768835537,-0.0016179326034776573,0.0022281954066822943,0.5232577407406425,0.5384103655296406,0.5905524,0.539010769688572
13,2025-03-24 04:00:00+00:00,-0.0059479908769029,0,log_ret_next,-0.0067396387695509916,0.0038413957205555966,-0.00078362314,0.00431156036250061,0.002122599289452302,-0.008273149964026345,-0.002432242948324546,0.002156385557089047,0.4987536247900255,0.6241468446946492,0.6484448,0.5100948582737432
14,2025-03-25 04:00:00+00:00,-0.0591343001213626,0,log_ret_next,-0.0030364997935856783,0.008190285767209968,0.002243852,0.011395265503055054,0.002122599289452302,-0.007671688355964198,-8.391362686916196e-05,0.0021658470149233102,0.5326754938298375,0.5345844778790919,0.5892456,0.5412846295798748
15,2025-03-26 04:00:00+00:00,-0.0206944200416255,0,log_ret_next,-0.029966506355859276,-0.0073259977829348575,-0.013663899,-0.0028144065101206274,0.002122599289452302,-0.011406052290028992,-0.01230619146693589,0.002097794061942987,0.12290965466095485,0.5412200485944655,0.48550534,0.48767398972097714
16,2025-03-27 04:00:00+00:00,-0.0159207447958852,0,log_ret_next,-0.001605575651934259,-0.012615385395573189,-0.013645111,-0.005021909650502607,0.002122599289452302,-0.01005668054605092,-0.0009809711513107803,0.0020500207268539994,0.513979463165224,0.5862860827462893,0.54970354,0.5190174302140056
17,2025-03-28 04:00:00+00:00,-0.0118322733512644,0,log_ret_next,-0.0018223718307808297,-0.0024531126401809824,0.0013055484,0.0017129653675420295,0.002122599289452302,0.0015605290702184577,-0.0010493593352800376,0.0020943223764828558,0.5111166802919528,0.6483500543131144,0.67382634,0.5045776101599807
18,2025-03-31 04:00:00+00:00,0.0161995494074782,0,log_ret_next,0.0021248634404161457,0.01030811916363944,0.00918243,0.009353456231911177,0.002122599289452302,0.012170033457383203,0.0014264689390120155,0.002180259000268014,0.5492804124374654,0.6557941616382967,0.7369867,0.5099691700504143
19,2025-04-01 04:00:00+00:00,0.0024481332333614,0,log_ret_next,0.0012719909476618255,0.006549028073422073,0.0055919373,0.0032141396374370797,0.002122599289452302,0.004674937850591799,0.0011891118518108025,0.002174548181651358,0.5375012820040449,0.7129257856957052,0.71866965,0.4877651292250692
20,2025-04-02 04:00:00+00:00,-0.0812810570771333,0,log_ret_next,0.014952639238985682,0.005952807348581585,0.003382372,0.0016267821050264327,0.002122599289452302,0.009068489358657816,0.007294826017436258,0.002180282233530913,0.7729764961290047,0.6440397507321388,0.6359715,0.5326723016819409
21,2025-04-03 04:00:00+00:00,-0.0764229416808782,0,log_ret_next,0.0008718394034550139,0.010820967225188405,0.014144916,0.004811447072277985,0.002122599289452302,0.012267407522417607,-0.00013355694564243562,0.0021928113653695482,0.5470201969575446,0.6761501942544658,0.66951823,0.49864104729006686
22,2025-04-04 04:00:00+00:00,0.0346999739525305,0,log_ret_next,0.00313206206470664,0.012036331274980471,0.018154722,0.00566031121375406,0.002122599289452302,0.015235684031972665,0.00018553200141625727,0.0021924526568755562,0.5602260907166472,0.6848925975954849,0.8112095,0.5055070475681965
23,2025-04-07 04:00:00+00:00,-0.013818879309976,0,log_ret_next,0.005935220650317288,-0.005178171630298618,-0.009269823,-0.023060082832246323,0.002122599289452302,0.001695385829120745,-0.00012792267557719113,0.002195920328831742,0.5820973559937758,0.6449037283922705,0.6884066,0.514471763797925
24,2025-04-08 04:00:00+00:00,0.1716207316781403,0,log_ret_next,0.005459300831165621,0.004742149535708791,0.013660232,0.012152414208698382,0.002122599289452302,-0.00031248215496997755,-0.0008325087945316855,0.0020973062712769846,0.583600609828586,0.6530425097780271,0.6574706,0.5099744269176332
25,2025-04-09 04:00:00+00:00,-0.0609472783434869,0,log_ret_next,0.08659616376370317,-0.01138505772150742,-0.009156652,0.0029347166618783962,0.002122599289452302,-0.004422804772885635,0.027148480475064216,0.002018531640581836,0.9993258630901779,0.4929995424525634,0.40454137,0.5951297847304182
26,2025-04-10 04:00:00+00:00,0.0307575741891401,0,log_ret_next,-0.005796764910218582,-0.0059469584206936835,-0.007231578,0.01882147118403302,0.002122599289452302,0.002150486688964953,-0.011270815352448919,0.0020051677479995963,0.5443502517636704,0.4715884783168278,0.4155254,0.553957922065175
27,2025-04-11 04:00:00+00:00,-0.0019852290133438,0,log_ret_next,-0.005985969155906979,-0.009708104105427405,-0.0056824293,-0.012895657802319707,0.002122599289452302,0.0004916718361293799,-0.010557041904589275,0.0020951366871327496,0.5519921430695212,0.46626586113180296,0.4321854,0.5575942031391926
28,2025-04-14 04:00:00+00:00,0.013368834883011,0,log_ret_next,-0.008581123772103048,-0.005652294279368022,-0.008901418,0.016429331966035413,0.002122599289452302,-0.0006056363689899073,-0.012309326400656585,0.0020225955800514737,0.5389932222879034,0.5021954293348185,0.5409103,0.5502606739823019
29,2025-04-15 04:00:00+00:00,-0.0711915698011044,0,log_ret_next,-0.012965493541995842,-0.0129454257341503,-0.018140977,-0.016376776487420964,0.002122599289452302,-0.005657114101417473,-0.013772160196094337,0.0021056403129783227,0.5056468564280217,0.5229194256639168,0.51866263,0.5381625638699441
30,2025-04-16 04:00:00+00:00,-0.0291312034327336,0,log_ret_next,0.029926359721642443,0.018504355371857593,0.018917207,0.01784508528093353,0.002122599289452302,0.00666888054743641,0.004685116288086543,0.002208750720823817,0.9653115789980333,0.6626321389490674,0.71462643,0.5519950115839124
31,2025-04-17 04:00:00+00:00,-0.0461774197985516,0,log_ret_next,-0.017527392172243923,0.017583942276288348,0.017610874,0.004432427834375014,0.002122599289452302,0.008474489127267634,-0.016081795299316665,0.0022588603452744745,0.5051200171894971,0.6977794929522811,0.6762097,0.4869158877313281
32,2025-04-21 04:00:00+00:00,0.0202252946720885,0,log_ret_next,-0.01529323842155537,0.026388068251659416,0.02488451,0.012263213275091906,0.002122599289452302,0.03258640368560402,-0.0144822428779985,0.002302774494419767,0.5265508051731127,0.8053691527254956,0.7274584,0.4551339891464732
33,2025-04-22 04:00:00+00:00,0.0379014255370319,0,log_ret_next,-0.009698427951453379,0.02409720365214292,0.024463067,0.013892935515774002,0.002122599289452302,0.0252732695612604,-0.01206458591267738,0.0022721867986113206,0.5678929760350662,0.7373043747400152,0.62579185,0.47714396414504595
34,2025-04-23 04:00:00+00:00,0.0355779118031567,0,log_ret_next,-0.10230709879246695,0.027136839319125087,0.019032145,0.014587549152349527,0.002122599289452302,0.03171685834619012,-0.04884145118142392,0.0023154241619441672,0.0005730340547703087,0.7609116596385295,0.7351742,0.4137134961244241
35,2025-04-24 04:00:00+00:00,0.0421329493242975,0,log_ret_next,0.004594318377268961,0.025384243289065026,0.0057976726,0.018511232489570248,0.002122599289452302,0.028215224537461395,-0.0037372984080436215,0.0023124901407775415,0.6275290785490439,0.6878037880050424,0.50636894,0.4937655320704241
36,2025-04-25 04:00:00+00:00,-0.0207526164734874,0,log_ret_next,0.0030027432430113246,0.022024724742008398,0.008799978,0.013544495720963282,0.002122599289452302,0.01730814028098638,-0.0038103091754096707,0.002289882760972349,0.6142253682292272,0.6840032884372449,0.6151634,0.5000964061442733
37,2025-04-28 04:00:00+00:00,0.0026636079397148,0,log_ret_next,0.0014159484967360123,0.0147687256822189,0.0142307775,0.020932420963737618,0.002122599289452302,0.009530323236104074,-0.0025078259975937437,0.0021669031878160812,0.5982054039225514,0.7111854871355837,0.625276,0.48950393207543197
38,2025-04-29 04:00:00+00:00,-0.0009176963616907,0,log_ret_next,-0.001388296900187261,0.018879360640392938,0.009442864,0.015046985708174782,0.002122599289452302,0.0020229799324109803,-0.0031493732412546565,0.0022479910640820708,0.5678038834122346,0.6961375819184474,0.6780734,0.49451203082290107
39,2025-04-30 04:00:00+00:00,0.0243970054615217,0,log_ret_next,-0.028258420754010877,0.014511151678166438,0.007798476,0.012716687853607654,0.002122599289452302,0.003198531243451317,-0.012513371844857695,0.002214775747654767,0.13884636245347182,0.6778881982004635,0.61262935,0.44976929062733834
40,2025-05-01 04:00:00+00:00,0.0255642156985228,0,log_ret_next,-0.0010189188620120504,0.006112312879590702,0.00967507,0.010516032204843772,0.002122599289452302,0.0012645221709697068,0.00020818836669602705,0.0021288418660822925,0.5500943719841735,0.6621371781635872,0.64192677,0.5021971199528683
41,2025-05-02 04:00:00+00:00,-0.0059565840007114,0,log_ret_next,-0.0002877808519120939,0.009780355036645266,0.011462577,0.012630453800370948,0.002122599289452302,0.0004048044287050289,0.0009163493388665428,0.0021550634950288335,0.5590940058218462,0.6243434146240613,0.6642101,0.5176196710008705
42,2025-05-05 04:00:00+00:00,-0.0024630217871405,0,log_ret_next,2.233752956283877e-05,0.013810927894175606,0.010998054,0.010593699001192336,0.002122599289452302,0.002576288116495024,0.0017017644363759295,0.0022083318264523636,0.561775053032812,0.556989646538254,0.65029025,0.5403677318714875
43,2025-05-06 04:00:00+00:00,0.0305313780427122,0,log_ret_next,0.006397906734743955,0.015324143922457014,0.011972603,0.014395594317538257,0.002122599289452302,0.0015228347771101053,0.00418335356267818,0.002206153578214881,0.6036534853305744,0.6084125257964597,0.7033217,0.5303633329387285
44,2025-05-07 04:00:00+00:00,0.0026447827404719,0,log_ret_next,0.006476082195181556,0.008401475805498385,0.013228669,0.012230262729759375,0.002122599289452302,0.0009326667705537423,0.005391462275756457,0.0021375284510910496,0.6624837523882442,0.5895794293937133,0.7444768,0.5457496375377177
45,2025-05-08 04:00:00+00:00,-0.006153423313788,0,log_ret_next,-0.0025038193218550535,0.008887610759570189,0.00886776,0.012230262729759375,0.002122599289452302,0.0015569788354857555,0.0017133951598770584,0.0021535171533091707,0.5150342830947747,0.5987291441945005,0.7487545,0.5266599487014194
46,2025-05-09 04:00:00+00:00,0.0530064096366757,0,log_ret_next,-0.0028666786522589427,0.01621425208401428,0.015466075,0.014687522714106288,0.002122599289452302,0.005462550898994884,0.0019646544442226484,0.00220591638777507,0.510774945558726,0.6084795511376104,0.76407176,0.5237278236687739
47,2025-05-12 04:00:00+00:00,0.0548114203238917,0,log_ret_next,-0.0036843519198490357,0.013854790520008669,0.018632622,0.01801148336829952,0.002122599289452302,0.0017131846023110753,0.0009704626219903338,0.0021585719651908545,0.4970567692261088,0.6792600988203878,0.77917475,0.49858056876743084
48,2025-05-13 04:00:00+00:00,0.0407942407204759,0,log_ret_next,-0.009137574667042828,0.01776092863078973,0.013942972,0.016404201681781215,0.002122599289452302,-0.0017121786298139583,-0.0009378904658253237,0.002219086172291994,0.45303120948707937,0.6053690671573487,0.80924255,0.5211298186214119
49,2025-05-14 04:00:00+00:00,-0.0037753720889584,0,log_ret_next,-0.017495600596117676,0.01137121826729654,0.009230848,0.012367765801414094,0.002122599289452302,-0.008319283026281744,-0.004813364006832087,0.002178841523763493,0.25896345447198543,0.6629348198244971,0.72067577,0.4745020643475149
50,2025-05-15 04:00:00+00:00,0.0042186641916612,0,log_ret_next,-0.005347725063114896,0.016280502530433956,0.010520923,0.014435484415536328,0.002122599289452302,-0.007283539257840211,0.000620953683872851,0.0022198810043119687,0.4700811685026756,0.5823531692559523,0.7141314,0.5253196445985352
51,2025-05-16 04:00:00+00:00,0.0012547405719632,0,log_ret_next,-0.00596755654756876,0.017394019477096064,0.010808068,0.022637574762259853,0.002122599289452302,-0.008557608908937503,0.0011018694785062894,0.0021964409739092445,0.4589463891880156,0.5612700292084052,0.75048167,0.5335403039017463
52,2025-05-19 04:00:00+00:00,-0.0088164267245264,0,log_ret_next,-0.006828772683133503,0.019754780932844714,0.013022583,0.01579090818313722,0.002122599289452302,-0.01886431070032907,0.00033307124583523183,0.002245467993672448,0.4529460391344899,0.6178731892801484,0.76218534,0.5139888377816816
53,2025-05-20 04:00:00+00:00,-0.0193860773999184,0,log_ret_next,-0.0031840050415904296,0.014260623338516958,0.010479613,0.009872957729983397,0.002122599289452302,-0.013724022291723276,0.0024018824583791083,0.002217515245346453,0.4844166226368417,0.5295383770440654,0.59029406,0.5377930571595192
54,2025-05-21 04:00:00+00:00,0.0077845128558013,0,log_ret_next,-0.009022467738926588,0.018497570353287213,0.0151700005,0.018345610992691656,0.002122599289452302,-0.01152069994376045,0.000911848586138078,0.0022157878535626787,0.37270735850695813,0.5631097751935168,0.48244268,0.5074658555234344
55,2025-05-22 04:00:00+00:00,-0.0116614838725643,0,log_ret_next,-0.0028165887174214266,0.018166367995834442,0.019249592,0.017214599092269158,0.002122599289452302,-0.013294083803865757,0.003428497703962501,0.0022069557166751992,0.49082644375188694,0.5449791302876394,0.59603596,0.5335087473456243
56,2025-05-23 04:00:00+00:00,0.0315629681603999,0,log_ret_next,-0.001995390240360133,0.019014848372631274,0.019716842,0.017484634802568608,0.002122599289452302,-0.012552510546815323,0.003547150124803846,0.0022138168627855864,0.49989823590841087,0.5463132806045257,0.57544744,0.532823728033891
57,2025-05-27 04:00:00+00:00,-0.0051051891495873,0,log_ret_next,-0.003742852496552595,0.014918157591505275,0.010410375,0.009872957729983397,0.002122599289452302,-0.016052969896858935,0.0022684584300072283,0.00222478145502824,0.4818376990138677,0.5343336873493181,0.73526436,0.5444362214323383
58,2025-05-28 04:00:00+00:00,0.0319735711558193,0,log_ret_next,-0.005854054459590516,0.016536727919164277,0.010076834,0.009753507114253579,0.002122599289452302,-0.014159774539003014,0.0019047277993220232,0.00224357563998957,0.4618408840400696,0.5473962003177923,0.73963326,0.5380027420687559
59,2025-05-29 04:00:00+00:00,-0.0296026405713939,0,log_ret_next,-0.014329765623741232,0.012812470690277357,0.010366195,0.009753507114253579,0.002122599289452302,-0.016170951725744176,-0.001892566346342393,0.0022026732581638814,0.2664656160103065,0.5474134455224082,0.6845522,0.513222302109105
60,2025-05-30 04:00:00+00:00,0.0165135032119002,0,log_ret_next,0.0040942499797059165,0.010279385698846046,0.013383342,0.04496144287856801,0.002122599289452302,-0.013661559070182414,0.005597218856584663,0.0020187436250747965,0.5476243519049576,0.607454336877296,0.7387088,0.5266321111001337
61,2025-06-02 04:00:00+00:00,0.0275680870630571,0,log_ret_next,0.00283965691630342,0.014575702260228448,0.017233467,0.04496144287856801,0.002122599289452302,-0.013054070477794078,0.00549776665244352,0.002055622048190155,0.5348250761522856,0.6512028015014537,0.74620205,0.51051505662196
62,2025-06-03 04:00:00+00:00,0.0049445741340383,0,log_ret_next,0.004597008054532955,0.013343769346247291,0.01289124,0.032783517154073946,0.002122599289452302,-0.011954673174534207,0.007021575868595677,0.002104617535510495,0.5441873098912677,0.5947843819061515,0.7096217,0.5289075689259894
63,2025-06-04 04:00:00+00:00,-0.0136924700685176,1,log_ret_next,-0.000309895469057389,-0.0049570163649559,-0.0010720717,-0.002609920866816244,0.002152570325794181,-0.004303330508225591,0.006288944790755445,0.0019694612441942872,0.4893571837991613,0.5262088231524875,0.5480367,0.5337426419512399
64,2025-06-05 04:00:00+00:00,0.0122822122311399,1,log_ret_next,-0.001756360754006269,-0.004686450428354805,-0.0028995173,0.001543839594592231,0.002152570325794181,-0.0058366808800738666,0.005537227871491775,0.001965228105360495,0.471403663303882,0.4825787974991572,0.5311178,0.5351225786987707
65,2025-06-06 04:00:00+00:00,0.0064006985456605,1,log_ret_next,-0.0009765393420528737,-0.013449955717731443,-0.00806342,-0.006325729045306049,0.002152570325794181,-0.008705054256440444,0.0061415570893735396,0.001839108435848782,0.4861918229780925,0.24990841625944502,0.23531389,0.5577657039414483
66,2025-06-09 04:00:00+00:00,0.0092816114583549,1,log_ret_next,-0.0035797162059764496,-0.01724640571941678,-0.013949112,-0.0070781888562142445,0.002152570325794181,-0.010070735369954762,0.004849050214176453,0.001755730890115337,0.45082766666985225,0.23639761641744328,0.14119051,0.557965644634326
67,2025-06-10 04:00:00+00:00,-0.0078110011018332,1,log_ret_next,-0.00843386708908431,-0.01755738714633958,-0.014956623,-0.016790915440653427,0.002152570325794181,-0.015355376745952191,0.002626834789351834,0.00171412444712241,0.4597045424228517,0.2906657922206404,0.18576716,0.5544461688891226
68,2025-06-11 04:00:00+00:00,0.0150786111299408,1,log_ret_next,-0.006111260311526021,-0.023985762744633092,-0.014985022,-0.013231721992871379,0.002152570325794181,-0.021174600409839206,0.0022809112753320137,0.0016880793113390057,0.42907739941787043,0.2644633587646521,0.14453407,0.554361597606335
69,2025-06-12 04:00:00+00:00,-0.0211179935374865,1,log_ret_next,-0.005566682487739371,-0.025283084489214715,-0.028504381,-0.04350168892925544,0.002152570325794181,-0.032238170498250736,0.0026143174222780802,0.0014517034326268045,0.4374213486961031,0.32234966640728385,0.15491654,0.5515061910915823
70,2025-06-13 04:00:00+00:00,0.0189777615367867,1,log_ret_next,-0.0062768508332653695,-0.030204045239246854,-0.02860686,-0.04014111103839144,0.002152570325794181,-0.02944046890326114,0.0023269943704786874,0.0014328922272111803,0.42966698689155647,0.3296027321928676,0.23706244,0.5481875674436529
71,2025-06-16 04:00:00+00:00,-0.0039473074973257,1,log_ret_next,-0.007837067024183991,-0.02971315355024197,-0.030175678,-0.0391512304754689,0.002152570325794181,-0.03194460018431767,0.0009491630302577523,0.0014228657154459145,0.4176956199584359,0.28148719154957225,0.16489166,0.5518372328996723
72,2025-06-17 04:00:00+00:00,0.009392338052824,1,log_ret_next,-0.007010483078297284,-0.00757670258250449,-0.029367993,-0.037858014749061676,0.002152570325794181,0.008414792763834028,0.0013624265011412456,0.0015610976341153583,0.46061449335152477,0.291632839344674,0.14793815,0.5554910822736182
73,2025-06-18 04:00:00+00:00,-0.011267455916311,1,log_ret_next,-0.0064601167432518794,-0.008024703075733027,-0.027850982,-0.03755288493409646,0.002152570325794181,0.011027526554633994,0.0017672802399008687,0.0015747995859608838,0.4360435254735914,0.30105972619395693,0.15163182,0.5526912236257681
74,2025-06-20 04:00:00+00:00,0.0022220508790933,1,log_ret_next,-0.004772170892025412,-0.00397589502575088,-0.02809658,-0.037858014749061676,0.002152570325794181,0.01134677158424593,0.003431563582853978,0.0015944556964116703,0.45922083639874006,0.36642894808822474,0.22441919,0.5490259912115312
75,2025-06-23 04:00:00+00:00,0.0255431202792737,1,log_ret_next,-0.004179973713310129,-0.004965392526787976,-0.025098464,-0.037858014749061676,0.002152570325794181,0.013555208810592245,0.004228574085147961,0.001619100791122214,0.45802365713593984,0.2966542848104288,0.32638586,0.5501592777930031
76,2025-06-24 04:00:00+00:00,0.0424273316567032,1,log_ret_next,-0.009953059402923174,-0.03117573448569361,-0.030461982,-0.03611170216964947,0.002152570325794181,-0.011075953367133897,0.0012021637814086214,0.0014209219403922718,0.38710415900039363,0.2987578722610178,0.16312535,0.5482005907994704
77,2025-06-25 04:00:00+00:00,0.0045905406909395,1,log_ret_next,-0.009025427475965037,-0.019336657780302094,-0.022815345,-0.02363673669841332,0.002152570325794181,-0.005572507018074771,1.3434624026724927e-05,0.0016037049156531363,0.39942685638405023,0.3608746785313287,0.25053665,0.5433606584109681
78,2025-06-26 04:00:00+00:00,0.0174573386641923,1,log_ret_next,-0.011039198501185954,-0.03040887081272345,-0.041477423,-0.040428355264100616,0.002152570325794181,-0.006692118704404729,-0.0004893213342477567,0.0013008473325438318,0.3746160182074568,0.359859998277743,0.357578,0.5383228399889719
79,2025-06-27 04:00:00+00:00,0.0015203469643715,1,log_ret_next,-0.012591406115205164,-0.04934379363351308,-0.06142283,-0.058705646658228146,0.002152570325794181,-0.00847126432698617,-0.0009462312692024286,0.0009356921230934251,0.3478053390892039,0.30786430308183155,0.2528246,0.5417799491166178
80,2025-06-30 04:00:00+00:00,-0.0301349126358168,1,log_ret_next,-0.01106427826309065,-0.047028749020133806,-0.051989578,-0.04285524363513467,0.002152570325794181,-0.008357735737348295,0.00035369838628324015,0.001092563775778781,0.36989635526992654,0.34101788327906774,0.34124163,0.5394314053955214
81,2025-07-01 04:00:00+00:00,0.0254399915129183,1,log_ret_next,-0.01829437248319575,-0.04369642782733326,-0.044108048,-0.047549171667059534,0.002152570325794181,-0.005232170766505706,-0.004242520330235007,0.001176825400885558,0.30845938655075517,0.4229199549917788,0.40311754,0.5275920120674134
82,2025-07-02 04:00:00+00:00,0.013203399005691,1,log_ret_next,-0.011419804047310262,-0.042809801075376165,-0.050309855,-0.045972186073007286,0.002152570325794181,-0.009863127666464678,0.00022038461656874236,0.0011240502791732328,0.3774296018892103,0.36773737301822623,0.36607763,0.5378883249367092
83,2025-07-03 04:00:00+00:00,-0.0069273658065812,1,log_ret_next,-0.012924803762904682,-0.04348860460887202,-0.040079445,-0.043481197603231506,0.002152570325794181,-0.01032314126652088,-0.0006620691278445899,0.0012311225989942165,0.3605485438625863,0.32379022917154954,0.2295147,0.5426236223175968
84,2025-07-07 04:00:00+00:00,0.0110609054084834,1,log_ret_next,-0.013653955624911125,-0.04570864773340247,-0.032675833,-0.04176343566628519,0.002152570325794181,-0.010414997859502893,-0.0005838125104686898,0.0012985000216559589,0.3591045411650148,0.3170235845455207,0.22950204,0.5428847695183839
85,2025-07-08 04:00:00+00:00,0.0178399621634147,1,log_ret_next,-0.005808233290146272,-0.01847092354218884,-0.034085795,-0.04796417176833829,0.002152570325794181,0.003999553655002792,0.004018563423001129,0.0014205143728781787,0.42169363765092344,0.385030772231106,0.2543222,0.5438389302540341
86,2025-07-09 04:00:00+00:00,0.0074622680681916,1,log_ret_next,-0.007584102244287564,-0.020081169337030365,-0.031895794,-0.04803257239877714,0.002152570325794181,0.00520896345688591,0.0034607891222475694,0.001433251341724897,0.41868119473296733,0.3617347069047743,0.21475384,0.5459804789681995
87,2025-07-10 04:00:00+00:00,0.0049844634142594,1,log_ret_next,-0.0073943507967764764,-0.01752655592920086,-0.031895794,-0.04803257239877714,0.002152570325794181,0.003479551760073505,0.003764118127976619,0.0014478065382463553,0.42026760682826736,0.3694959009346251,0.21336666,0.5457130568944718
88,2025-07-11 04:00:00+00:00,-0.0051673085256152,1,log_ret_next,-0.008192060295592721,-0.021013523393108257,-0.04198277,-0.04803257239877714,0.002152570325794181,0.0033481843998079586,0.003320297582811072,0.0013260543590304862,0.4058947868007602,0.3085163221286092,0.19757545,0.5483669880646161
89,2025-07-14 04:00:00+00:00,0.0396143738509857,1,log_ret_next,-0.00826264922625991,-0.02043636766944503,-0.032431398,-0.04803257239877714,0.002152570325794181,0.002597956229433415,0.0031904784882420293,0.001425817626593805,0.4103208625667745,0.28695918117467534,0.20273276,0.5498521865624026
90,2025-07-15 04:00:00+00:00,0.0039174033575546,1,log_ret_next,-0.004707376852919849,-0.04832379033021005,-0.045377117,-0.048084237832088754,0.002152570325794181,-0.016198803845433946,0.0035759553535196238,0.0011360082542757931,0.34513147809403366,0.3048834029115228,0.21682578,0.5426904182296513
91,2025-07-16 04:00:00+00:00,0.0094666582840562,1,log_ret_next,-0.01566308999390374,-0.046044278526695716,-0.037543297,-0.049381868911213364,0.002152570325794181,-0.016595784822714156,0.0009343173098695131,0.001224160173046108,0.3324190128971782,0.3632458284188156,0.24035262,0.537575241924283
92,2025-07-17 04:00:00+00:00,-0.0034162413836179,1,log_ret_next,-0.019025806413818482,-0.04978076376244718,-0.056530923,-0.057250346098660906,0.002152570325794181,-0.01689921199260353,-0.0008157707840875951,0.0009870575610294956,0.2915707773618601,0.2741875807314003,0.16474801,0.5411303473710821
93,2025-07-18 04:00:00+00:00,-0.0059920018052486,1,log_ret_next,-0.01868777817791833,-0.04703370587218429,-0.036603954,-0.04963091794014958,0.002152570325794181,-0.016595784822714156,-0.0002903265696539933,0.0012272502765775441,0.30275298993830163,0.3251896033330641,0.20221947,0.5381725491283061
94,2025-07-21 04:00:00+00:00,-0.0257099057199136,1,log_ret_next,-0.019272320256074848,-0.047168268799274944,-0.03363665,-0.04697357621597033,0.002152570325794181,-0.016319622541888817,-0.00032199993441063253,0.0012645695083839353,0.29686416804927845,0.35015025422471546,0.26691765,0.5344587540609915
95,2025-07-22 04:00:00+00:00,0.022202699192815,1,log_ret_next,-0.02231149102875807,-0.019741653940536844,-0.029204601,-0.04835616558555771,0.002152570325794181,0.00582919197584419,-0.0013018267148526895,0.001461380402028444,0.338482750012197,0.39736157915924714,0.34436107,0.5333247448631352
96,2025-07-23 04:00:00+00:00,0.0171837658127199,1,log_ret_next,-0.013179329081799068,-0.014627112770123447,-0.026105486,-0.025142462517706597,0.002152570325794181,0.011539472298307036,0.0027401903215552243,0.0015927078090037217,0.3753181973301657,0.38242796948728386,0.25133565,0.5399703540973406
97,2025-07-24 04:00:00+00:00,-0.0013823401875943,1,log_ret_next,-0.01608938900852665,-0.019612859244243937,-0.033405364,-0.026146762599046792,0.002152570325794181,0.009530861130126782,0.0010105602749544218,0.0014875009511760547,0.3384604508859601,0.37295915562228826,0.26193506,0.536965634257006
98,2025-07-25 04:00:00+00:00,0.0185586936953749,1,log_ret_next,-0.01518722455925053,-0.01690125983279945,-0.025834637,-0.027444393678171402,0.002152570325794181,0.009716497595094449,0.0016087114139755354,0.0015754573326865488,0.351384361737203,0.37587878738078684,0.278034,0.5375047441573306
99,2025-07-28 04:00:00+00:00,-0.0070403239725026,1,log_ret_next,-0.013974686508828934,-0.016821483299407577,-0.028183527,-0.027444393678171402,0.002152570325794181,0.00964354318195764,0.002126164292494508,0.0015521865992997334,0.3651270924391369,0.4091774836056806,0.28448725,0.5366313019291908
100,2025-07-29 04:00:00+00:00,0.0211971353832303,1,log_ret_next,-0.014932439864848119,-0.04380654486745866,-0.025370128,-0.026690527310329806,0.002152570325794181,-0.005074792366086414,0.0024789208054933703,0.001429155231000873,0.3538798031484304,0.3812948282364147,0.25135952,0.5381381909984828
101,2025-07-30 04:00:00+00:00,-0.0078401779548722,1,log_ret_next,-0.013431557616175371,-0.04358087305105833,-0.02590944,-0.029042739219543846,0.002152570325794181,-0.004008715250589453,0.004360506501933285,0.0014178110823611133,0.3733681060466974,0.3846656992486721,0.24815959,0.5397554542282355
102,2025-07-31 04:00:00+00:00,-0.0236081456251242,1,log_ret_next,-0.012149020016277809,-0.04517653525602463,-0.025243869,-0.026690527310329806,0.002152570325794181,-0.0043402118405534255,0.004767734451074271,0.0014226248562769607,0.3838515805778459,0.38894405347623723,0.2518924,0.5403355909332709
103,2025-08-01 04:00:00+00:00,0.0355120470107011,1,log_ret_next,-0.011232476948948796,-0.039012391316368564,-0.03178347,-0.029117283377388205,0.002152570325794181,-0.004681806952990413,0.004989460777149728,0.0013842815215889823,0.3912935758458165,0.34372402697184185,0.305946,0.5421249674629015
104,2025-08-04 04:00:00+00:00,-0.0097137041157005,1,log_ret_next,-0.016089396234062622,-0.04643878776548505,-0.040438063,-0.03618584543762918,0.002152570325794181,-0.006120475334013907,0.001775008777437448,0.0012329678957999479,0.34210517547687885,0.3631918229946608,0.27871343,0.5373944403741645
105,2025-08-05 04:00:00+00:00,0.006486247054774,1,log_ret_next,-0.0062446021586708,-0.01634447019869699,-0.034905978,-0.02458389140183588,0.002152570325794181,0.008417209127643823,0.006210906188278265,0.0014957380939557808,0.37039607423306686,0.3485994127517268,0.30851227,0.539927775435723
106,2025-08-06 04:00:00+00:00,0.0074961901083973,1,log_ret_next,-0.012691783166177292,-0.016292598137044836,-0.027510064,-0.027375993047732552,0.002152570325794181,0.0033881545882720266,0.004410771124422928,0.0015622112500675931,0.37686306270064246,0.39883698516844995,0.28056085,0.5383711865959233
107,2025-08-07 04:00:00+00:00,0.0106198485410537,1,log_ret_next,-0.013219512778185942,-0.01623149746635699,-0.0270092,-0.027375993047732552,0.002152570325794181,0.003319906870242767,0.0038176198355061135,0.0015676184129942699,0.37058451402414605,0.3718149430536189,0.26161224,0.5398827044213962
108,2025-08-08 04:00:00+00:00,-0.003509131953484,1,log_ret_next,-0.01256543076488566,-0.014987054908884656,-0.027183276,-0.027444393678171402,0.002152570325794181,0.003175187000433373,0.0045115487967797695,0.0015727416302819804,0.3781392252027268,0.3718879214708943,0.2348048,0.5412734864767477
109,2025-08-11 04:00:00+00:00,0.0060238246270744,1,log_ret_next,-0.01304533470776308,-0.011140334598921366,-0.025485018,-0.028529390723185118,0.002152570325794181,0.0039925773961232095,0.0048978226753169235,0.0016084991466660007,0.3740922221300607,0.3570085342031919,0.2234891,0.5420768683380858
110,2025-08-12 04:00:00+00:00,-0.0086086897998956,1,log_ret_next,-0.0034623748482273424,-0.01018989987182169,0.012643437,-0.028529390723185118,0.002152570325794181,0.018159911492902327,0.008351003830544254,0.0019990356921744824,0.3856617116776367,0.38354179045578585,0.23306228,0.5413165034021299
111,2025-08-13 04:00:00+00:00,0.002365145503552,1,log_ret_next,0.000985064667766524,-0.012849423335740209,0.01584607,-0.031033639178568537,0.002152570325794181,0.02836172749230814,0.021518081662747116,0.0020085845670377313,0.5753910577627043,0.4252898878690469,0.32097518,0.5532823923863937
112,2025-08-14 04:00:00+00:00,-0.0086628408874258,1,log_ret_next,0.0012381338808398106,-0.011558489031090313,0.014262851,-0.0309833584298193,0.002152570325794181,0.027656225644661362,0.02136305331041492,0.002000101842158905,0.5766008453415243,0.40419492020720926,0.24106306,0.5567486879334763
113,2025-08-15 04:00:00+00:00,0.0086078405428215,1,log_ret_next,0.0015673271648209324,-0.012291590613465065,0.009782942,-0.031491549534393065,0.002152570325794181,0.030131712170761736,0.02162534962048411,0.0019491232403275169,0.575436866150999,0.38333589753724284,0.3586051,0.5546687915587208
114,2025-08-18 04:00:00+00:00,-0.0356251401854292,1,log_ret_next,0.0015112846198258997,-0.013064828662751028,0.014262851,-0.0309833584298193,0.002152570325794181,0.027227993679444472,0.021667094219513645,0.0019915193030946043,0.5816989747359828,0.4098470941202528,0.24498646,0.5567683126212173
115,2025-08-19 04:00:00+00:00,-0.0013673764352676,1,log_ret_next,-0.0044250103258890025,-0.011799116434686873,0.014767305,-0.02993635536450399,0.002152570325794181,0.03000405366410798,0.01831221713101775,0.0020070231937962674,0.6711549385710913,0.41384005834765886,0.28393838,0.563340540196367
116,2025-08-20 04:00:00+00:00,-0.0023973952169626,1,log_ret_next,0.005875465990496046,-0.01156781566737332,0.011886476,-0.027624864666881743,0.002152570325794181,0.024666019876442524,0.015449403295559277,0.001986301074772925,0.6178102804323664,0.4415836121788281,0.31674558,0.5561961924193276
117,2025-08-21 04:00:00+00:00,0.0170557515076624,1,log_ret_next,0.003965675073737112,-0.008769556618960792,0.012042467,-0.016886070636737704,0.002152570325794181,0.03478202901029447,0.015047974182974835,0.0020366112980147216,0.5928477016071165,0.4607863164529634,0.38803244,0.550978647336917
118,2025-08-22 04:00:00+00:00,0.010173355391656,1,log_ret_next,0.002286420182725976,-0.014007814450599707,-0.0005629575,-0.023815871979376027,0.002152570325794181,0.020924399633070058,0.013363315459719171,0.0018582826876678681,0.5721225013135159,0.4534481796146986,0.33716682,0.5509469628072554
119,2025-08-25 04:00:00+00:00,0.010841399531384,1,log_ret_next,0.004936757699214227,-0.01454052855421679,0.00882978,-0.023393794331344333,0.002152570325794181,0.018351881213614772,0.014362014231699258,0.0019514088610330619,0.6080467793306518,0.43592894267035076,0.36487347,0.5543630256405481
120,2025-08-26 04:00:00+00:00,-0.000935696238819,1,log_ret_next,0.004558744158276174,-0.015181744745646701,0.0007060287,-0.02622745956272032,0.002152570325794181,0.015085796418892829,0.015643111748930877,0.0018570477922598787,0.6444561898943177,0.35809334739568605,0.32151967,0.5631644033207459
121,2025-08-27 04:00:00+00:00,-0.0079056183492655,1,log_ret_next,-0.00171834749474983,-0.020745075811043397,0.0028589214,-0.046566589254389855,0.002152570325794181,0.021995787183938645,0.005206027862390724,0.0017849895295394475,0.49117644733338023,0.3367381535948226,0.3140641,0.5511189662479008
122,2025-08-28 04:00:00+00:00,-0.0338116329355494,1,log_ret_next,0.0011671156343908739,-0.02225052857928604,-0.009141349,-0.05267971211762458,0.002152570325794181,0.018618625841551568,0.006251792611026877,0.0016365351756586271,0.5198338447510941,0.3155717114822524,0.3305181,0.5544075159935843
123,2025-08-29 04:00:00+00:00,-0.0197130308525088,1,log_ret_next,0.000576600212563332,-0.018911036625875524,-0.020128673,-0.05502684722436205,0.002152570325794181,0.035211501958379215,0.0057657255644112445,0.0015374163919180419,0.5069072203056296,0.42445728371550084,0.28693813,0.5482165186439212
124,2025-09-02 04:00:00+00:00,-0.0009372646684936,1,log_ret_next,0.0011091200750931673,-0.01799437783976107,-0.017126923,-0.055215940987126365,0.002152570325794181,0.034046230042764,0.00531942371015566,0.001572381309685115,0.5098003122242722,0.4407978852247104,0.36606047,0.5453943562175747
125,2025-09-03 04:00:00+00:00,0.0060769320037896,1,log_ret_next,-0.0007191984627566961,-0.01985805634072706,-0.017126923,-0.053167963755765546,0.002152570325794181,0.03576996631647925,0.004487978463279735,0.0015680163507356664,0.46648838799775144,0.45060155558065007,0.37073725,0.5408784322957618
126,2025-09-04 04:00:00+00:00,-0.027402211618883,2,log_ret_next,0.0032287528388201237,0.0013045335972682267,0.001228961,0.007710872464059639,0.00201200024047997,-0.0018680740798297957,0.0026535190000170424,0.002093422596904308,0.5292680642832518,0.4963128226769846,0.4767964,0.5420625205778683
127,2025-09-05 04:00:00+00:00,0.0076938631923086,2,log_ret_next,0.005921375299503492,0.005361831857404421,0.008739866,0.014628620299141857,0.00201200024047997,0.003914199490236966,0.003586118744660074,0.002138621701433176,0.5708148074817881,0.5147699633221653,0.48895577,0.5482610329719422
128,2025-09-08 04:00:00+00:00,0.0144515263534616,2,log_ret_next,0.0064147422083681415,-0.0012733827799582828,0.0001258076,0.014835026802045962,0.00201200024047997,-0.00026714476651346503,0.003659301388608532,0.0021661232708734255,0.58043501560404,0.5626826836155514,0.5512416,0.5317643140108295
129,2025-09-09 04:00:00+00:00,0.0377534054317146,2,log_ret_next,0.008461034159394032,-0.009874311899944891,-0.013599071,-0.009455851713597346,0.00201200024047997,-0.0073628131726083765,0.003230216659394944,0.00196968915368302,0.6294825443079942,0.4584053575564003,0.35907346,0.5916836605543142
130,2025-09-10 04:00:00+00:00,-0.000846298917814,2,log_ret_next,0.011783982062739002,-0.019407366290211964,-0.018596753,-0.02007333859455506,0.00201200024047997,-0.00470448322254765,0.0031324537133211807,0.0018803876832538004,0.6470580421092441,0.500010108729347,0.31745553,0.5843215072069596
131,2025-09-11 04:00:00+00:00,0.003662076547414,2,log_ret_next,0.011920520558802229,-0.02140108364497842,-0.021399539,-0.020369225199427434,0.00201200024047997,-0.00499944829957369,0.003217079755855364,0.0018858031029033067,0.6489845573891495,0.46654998484239385,0.3066882,0.5969492449063328
132,2025-09-12 04:00:00+00:00,-0.0003937971338204,2,log_ret_next,0.00843263583739887,-0.014658679424954595,-0.007373729,-0.016062759743171125,0.00201200024047997,-0.0035825408754311845,0.002290113692060136,0.0018860589366727035,0.6007255979778131,0.42652117806689516,0.31248832,0.5956083841168753
133,2025-09-15 04:00:00+00:00,-0.0162779708653244,2,log_ret_next,-0.00033320869447579825,-0.008314258746634008,-0.0058967164,-0.016062759743171125,0.00201200024047997,-0.0005525650490535927,-0.00863844740312418,0.0018820689494827181,0.5490622477841384,0.49779866209347984,0.4016957,0.5508436740394957
134,2025-09-16 04:00:00+00:00,-0.0265972029178731,2,log_ret_next,0.01210343345094095,-0.003382985613423496,-0.002155977,-0.016062759743171125,0.00201200024047997,0.0012942627595095746,-0.003177210457384184,0.0018711509500623157,0.667183865933343,0.5475252998643162,0.3837979,0.5713966751402991
135,2025-09-17 04:00:00+00:00,0.0343438809045152,2,log_ret_next,0.011605072129912167,-0.008432317327559414,-0.0058203023,-0.023115525125318292,0.00201200024047997,-0.0004469447735694838,-0.0031810862790981435,0.001812964084847731,0.6649073214243112,0.5626058286985067,0.37113523,0.5658704703100013
136,2025-09-18 04:00:00+00:00,0.0024368043532322,2,log_ret_next,0.0088817689982326,-0.009042385031030586,-0.00900725,-0.016062759743171125,0.00201200024047997,-0.002938657316175926,-0.005270961646674913,0.0018913937097230428,0.6446709173155064,0.5147249833728997,0.4260897,0.5741607910882931
137,2025-09-19 04:00:00+00:00,0.0385303990121763,2,log_ret_next,0.006873009179016882,-0.003103975940905515,-0.0014479072,-0.00429960365571675,0.00201200024047997,-0.0020843387238720697,-0.005995881768126946,0.0019838964688184287,0.6130322925226737,0.4008165071034201,0.35213012,0.6067164820285257
138,2025-09-22 04:00:00+00:00,-0.0286176114861716,2,log_ret_next,0.010490436737625265,-0.02225753245320121,-0.025086075,-0.03107014813932925,0.00201200024047997,-0.007500793954130985,-0.00251354458146254,0.0017923672202961101,0.6462679303074745,0.4155001998962118,0.3132705,0.6133637332501279
139,2025-09-23 04:00:00+00:00,-0.0082161209902644,2,log_ret_next,0.01884779307679446,-0.03367689598403706,-0.035928868,-0.029380859291428064,0.00201200024047997,-0.011016366480682912,6.775597161038033e-05,0.001840718428522956,0.7450138774413776,0.37787508593935565,0.16889535,0.660552023626592
140,2025-09-24 04:00:00+00:00,0.0040602930682581,2,log_ret_next,0.021343822681349628,-0.04189743512340101,-0.03540552,-0.027493878526251687,0.00201200024047997,-0.012166479821543709,0.0007530390093221117,0.0018569658297866245,0.7416220098842536,0.3538932195158108,0.21775913,0.6655071609485255
141,2025-09-25 04:00:00+00:00,0.0028099226203348,2,log_ret_next,0.024344250098460175,-0.020458759640681758,-0.016374826,-0.020369225199427434,0.00201200024047997,-0.005532932871973591,0.0024199755842180246,0.0018707229459931007,0.7729083738126737,0.4273481337193851,0.26743293,0.6490267544086779
142,2025-09-26 04:00:00+00:00,0.0203318240037598,2,log_ret_next,0.025223117225917704,-0.022163916581836366,-0.019985717,-0.020369225199427434,0.00201200024047997,-0.00491201858016746,0.0027740290593189416,0.0018814849176814106,0.7853044526578374,0.42599958741798893,0.2898894,0.6522687513298605
143,2025-09-29 04:00:00+00:00,0.0256778445943966,2,log_ret_next,0.024540482089389914,-0.024137743343333427,-0.021483637,-0.02007333859455506,0.00201200024047997,-0.0025939564794818155,0.0023970211507443784,0.0018887460688350856,0.7722011849154942,0.38432863371433407,0.18947412,0.6655555141867556
144,2025-09-30 04:00:00+00:00,0.003531167751598,2,log_ret_next,0.01587932339058679,-0.024118653802503286,-0.019049015,-0.02716112648654636,0.00201200024047997,-0.0016726272596404245,-0.0005918506127136395,0.0018121995134119037,0.7083188248578748,0.39710806757878997,0.25665683,0.6403331168014068
145,2025-10-01 04:00:00+00:00,0.0087735875556467,2,log_ret_next,0.01645023553955668,-0.024688029838604377,-0.01946046,-0.02449266820606045,0.00201200024047997,-0.0019590887756934195,-7.82688101127675e-05,0.0018394542547004909,0.7003483808017564,0.3190023731121205,0.1693134,0.6665710732614305
146,2025-10-02 04:00:00+00:00,-0.0067462685826157,2,log_ret_next,0.014354950059903396,-0.028574798611910292,-0.024116375,-0.03469320055603526,0.00201200024047997,-0.002565766008826934,-0.0010338854300363325,0.0017536057770188463,0.6746659153204663,0.30532796252926514,0.16676275,0.6636749412019162
147,2025-10-03 04:00:00+00:00,-0.0111481252485448,2,log_ret_next,0.015332890102010156,-0.025240479140667606,-0.019218963,-0.025042456538370405,0.00201200024047997,-0.0022520600585974864,-0.0005694583449297737,0.00183331750673287,0.6939081571405723,0.4102994867589642,0.2196096,0.6330471928941892
148,2025-10-06 04:00:00+00:00,-0.0026984599189375,2,log_ret_next,0.020285092082392,-0.02622346534230432,-0.02033507,-0.02283978787343215,0.00201200024047997,-0.0052667453454121995,0.00497273724695303,0.0018581183930531338,0.7333529116390387,0.4408908915076284,0.27276537,0.632646453428141
149,2025-10-07 04:00:00+00:00,0.0217568655662117,2,log_ret_next,0.017767785151310556,-0.02333006045171016,-0.014197101,-0.02312743713309169,0.00201200024047997,-0.00547573308171859,0.0051023861965976336,0.0018370155729004307,0.6764357809773541,0.4624819234625596,0.29593143,0.6072227999639195
150,2025-10-08 04:00:00+00:00,0.0181308726976897,2,log_ret_next,0.009933272573833618,-0.025641158531491497,-0.019283026,-0.02716112648654636,0.00201200024047997,-0.004966347777533212,0.0016915477167700546,0.0018127939142647577,0.6273261460101663,0.3539459494389963,0.18368122,0.633281867802818
151,2025-10-09 04:00:00+00:00,-0.0500996002852694,2,log_ret_next,0.011140626089766289,-0.029922438325415506,-0.02032667,-0.02716112648654636,0.00201200024047997,-0.0051613429663865396,0.002077516348215353,0.0018156279193191607,0.6418503014544417,0.35824362420853006,0.24612606,0.6338516723960452
152,2025-10-10 04:00:00+00:00,0.0277825599524357,2,log_ret_next,0.011808371716107687,-0.039081734362992,-0.033951398,-0.05375714025501701,0.00201200024047997,-0.011554458352360821,0.001971124313092109,0.0015963428958254932,0.6559511615186501,0.4224515217805797,0.31444776,0.61390690279139
153,2025-10-13 04:00:00+00:00,-0.0450192060557167,2,log_ret_next,0.010247069075325453,-0.03992324904609154,-0.028881215,-0.026609044118446327,0.00201200024047997,-0.010968324460105547,0.001985945323553174,0.001846079737902602,0.6302985264594065,0.40754009152762,0.30916253,0.6113561394930842
154,2025-10-14 04:00:00+00:00,-0.0011115036073662,2,log_ret_next,0.0073844628979869865,-0.03431985965623268,-0.034582373,-0.021616895637747328,0.00201200024047997,-0.0053339284018143794,0.0006184894548934056,0.0019124222529941061,0.5886306916355377,0.2724452977524672,0.14358665,0.6502103192139753
155,2025-10-15 04:00:00+00:00,0.010950220644092,2,log_ret_next,0.013113861371290093,-0.03306032169864435,-0.03357649,-0.008734174232797197,0.00201200024047997,-0.007480343672298536,0.003423221340869551,0.002035273316831419,0.6615589647493175,0.3332444997536767,0.35040593,0.6440994375620931
156,2025-10-16 04:00:00+00:00,0.0077254627574727,2,log_ret_next,0.012201965741400084,-0.036088501961274146,-0.03356024,-0.019904390668727134,0.00201200024047997,-0.009360716061857633,0.0029394073903225874,0.001925933101800051,0.6440974536233246,0.28492676604030137,0.2146193,0.6597000182269861
157,2025-10-17 04:00:00+00:00,-0.0031706339466409,2,log_ret_next,0.011991522680738055,-0.02166070112416778,-0.017207649,-0.014661392479228399,0.00201200024047997,-0.006173383869340133,0.0031300135325482434,0.0019288795251818538,0.6378885041190325,0.3840367843261878,0.39230052,0.6184825559698133
158,2025-10-20 04:00:00+00:00,-0.0081363934031326,2,log_ret_next,0.013948942582886694,-0.012664122517706202,-0.009433097,-0.01908034442224269,0.00201200024047997,-0.0036441862639617108,0.00433936650246285,0.001862948426513457,0.6595852562763794,0.36242099219346224,0.3004324,0.6357222433839981
159,2025-10-21 04:00:00+00:00,-0.0048694657013351,2,log_ret_next,0.01673006045033708,-0.006437786465391401,-0.0034762467,-0.00785343580173522,0.00201200024047997,-0.0019961027676319997,0.006540226452611022,0.001955067406364792,0.6776145781924612,0.3870712417627457,0.30750567,0.6326316472035683
160,2025-10-22 04:00:00+00:00,0.0103742392299398,2,log_ret_next,0.018054252304694783,-0.0006394411824492649,0.010319617,-0.0008882959904862158,0.00201200024047997,-0.0007703178769340309,0.0070410668330839555,0.0019819079049315626,0.6969909705077301,0.3988496292023251,0.29106477,0.6351083216382626
161,2025-10-23 04:00:00+00:00,0.0222580730860152,2,log_ret_next,0.016912257989303833,-0.013181624886683936,-0.010916805,-0.019258390181467057,0.00201200024047997,-0.002778665398775707,0.006472162862343288,0.001865645359567747,0.6878854562232105,0.4164684496668037,0.24157442,0.6283564225922691
162,2025-10-24 04:00:00+00:00,0.0276921064941852,2,log_ret_next,0.013934738957812193,-0.019865684947750515,-0.014398936,-0.022772198147238888,0.00201200024047997,-0.00421467708630383,0.004590742698096672,0.0018413456117623637,0.6567443181298463,0.4414026769496882,0.27484795,0.6092045404180846
163,2025-10-27 04:00:00+00:00,0.0486185905089494,2,log_ret_next,0.014810293952376596,-0.026315542071507454,-0.018902577,-0.025331052927289623,0.00201200024047997,-0.005138584200010574,0.005218776804788692,0.001829467216080274,0.6718981024565621,0.36327341915056516,0.29042578,0.6394719735306174
164,2025-10-28 04:00:00+00:00,0.0294578279485342,2,log_ret_next,0.018128390871002112,-0.03915995809789485,-0.045627154,-0.09235864596819196,0.00201200024047997,-0.009084734780250944,0.006648888660659167,0.0012546185486014493,0.6907756209941901,0.33437898989441556,0.3514364,0.6522606778968483
165,2025-10-29 04:00:00+00:00,-0.0202480316807641,2,log_ret_next,0.020786077162590247,-0.03591891031053404,-0.043914497,-0.05800235587713101,0.00201200024047997,-0.01095238463805678,0.009292599780721248,0.0015851594353806864,0.7125721122198472,0.34798032933185025,0.2885304,0.6564800030328297
166,2025-10-30 04:00:00+00:00,-0.0019734620898285,2,log_ret_next,0.011606161293775268,-0.02954995530054971,-0.022262227,-0.023596431256584463,0.00201200024047997,-0.003492517822720819,0.005189830869085031,0.0018562976171593957,0.6101193721033428,0.3687443070730431,0.30424732,0.6185797888888064
167,2025-10-31 04:00:00+00:00,0.0214484104781011,2,log_ret_next,0.00997506724758724,-0.02925823801618827,-0.0165993,-0.022347465553941435,0.00201200024047997,-0.005659936937979424,0.004615489885385196,0.0018514412059961046,0.5925505823141451,0.3652303207621479,0.33969742,0.6130747139769684
168,2025-11-03 05:00:00+00:00,-0.0403930966539543,2,log_ret_next,0.013590707340847134,-0.029489682018339923,-0.012297598,-0.02141156161405237,0.00201200024047997,-0.004826707486507883,0.00702351880498842,0.0018475936985382945,0.6475238115276274,0.4355610114669228,0.42025018,0.6027803062816236
169,2025-11-04 05:00:00+00:00,-0.0176698732893043,2,log_ret_next,0.0070904592608039985,-0.04056790805661538,-0.03028393,-0.03804498828015573,0.00201200024047997,-0.010865487420345328,0.004594041340538339,0.0017385968297570636,0.5819858421633136,0.5138256000275738,0.4750058,0.5527084652865457
170,2025-11-05 05:00:00+00:00,-0.0372085230592851,2,log_ret_next,0.010069878200209525,-0.028906501565749348,-0.03927544,-0.05800235587713101,0.00201200024047997,-0.007519822289254307,0.006398870555403465,0.0015716850033884143,0.6118313445866705,0.48498004784055565,0.45466104,0.5731428814401525
171,2025-11-06 05:00:00+00:00,0.0003720913372621,2,log_ret_next,0.012868848213914699,-0.01864727410215362,-0.03379839,-0.04941050859877214,0.00201200024047997,-0.0025646401567215858,0.007229659308614656,0.0016398151172560683,0.6380903868091027,0.5291443639821908,0.48635334,0.5646313118729563
172,2025-11-07 05:00:00+00:00,0.0563165603785487,2,log_ret_next,0.016851171428015392,-0.022325111518165013,-0.03379839,-0.04514926561648634,0.00201200024047997,-0.004041515571239576,0.008627335756183196,0.001681155085472348,0.6766627846636473,0.4941913191241138,0.47005063,0.5896175806773863
173,2025-11-10 05:00:00+00:00,-0.0300372229501498,2,log_ret_next,0.014010412903073463,-0.03446880848851718,-0.045441866,-0.05358525766631929,0.00201200024047997,-0.009049363373537386,0.005282625858987133,0.0016330003278577157,0.6487266208127244,0.4136679091046295,0.33898652,0.6137546294863818
174,2025-11-11 05:00:00+00:00,0.0033078616866165,2,log_ret_next,0.01902503130362459,-0.032336251293279085,-0.03798724,-0.06841966281821768,0.00201200024047997,-0.005980536955483957,0.008195228908870292,0.0014658323847657564,0.6727497729815708,0.4256387844271122,0.3110409,0.6180663921413279
175,2025-11-12 05:00:00+00:00,-0.0364670645217309,2,log_ret_next,0.021617133935432555,-0.027188615302060244,-0.043211814,-0.066541029464822,0.00201200024047997,-0.005104709455380714,0.009401675806565637,0.001500303252793714,0.7054853038341534,0.48804489550439184,0.43828297,0.601902949400986
176,2025-11-13 05:00:00+00:00,0.0175587291880807,2,log_ret_next,0.023887890000081728,0.008083063008903218,-0.0015577737,0.04087875819099741,0.00201200024047997,0.008015823318658893,0.010457052204657633,0.002426182780658975,0.7278069287366412,0.5445874400418079,0.6659178,0.5803703359785604
177,2025-11-14 05:00:00+00:00,-0.0189510805201998,2,log_ret_next,0.02414135766405013,-0.01558164449590723,-0.02874732,-0.002017935989889204,0.00201200024047997,0.004839240046833767,0.010174167002118442,0.0020875694678012483,0.7335945723774093,0.4938506029136308,0.5003811,0.6061654409375797
178,2025-11-17 05:00:00+00:00,-0.0284833219482721,2,log_ret_next,0.025025034811059693,0.014336891957462627,0.0071682017,0.04001062910092804,0.00201200024047997,0.011395984851993118,0.011535939537861275,0.002391854650958906,0.7285490001034424,0.5485514833593903,0.6844673,0.5784883320810681
179,2025-11-18 05:00:00+00:00,0.0280544717856493,2,log_ret_next,0.022697427342582482,0.007496632915659956,-0.0060059237,0.0065048739939979495,0.00201200024047997,0.01042478653724282,0.010304097728485055,0.002103911036105287,0.7212989238794358,0.5491873679518676,0.5256304,0.5822277847994672
180,2025-11-19 05:00:00+00:00,-0.0320323529154087,2,log_ret_next,0.02190688083021628,-0.024381129314884835,-0.04444369,-0.07851212522634585,0.00201200024047997,-0.008688588663103144,0.008458365676004716,0.0013873318074230493,0.712090884633658,0.4825025002569928,0.38597295,0.6078491094290367
181,2025-11-20 05:00:00+00:00,-0.0097909156482164,2,log_ret_next,0.025380947524353575,0.009670311847320335,0.009356054,0.034907354342396016,0.00201200024047997,0.006233723178728945,0.00972495043240187,0.002335087642928579,0.733552542472672,0.5189986719195198,0.6511327,0.5916494959171459
182,2025-11-21 05:00:00+00:00,0.0203089407665027,2,log_ret_next,0.027988362151341407,0.011371084233344242,0.013356654,0.0357084754915655,0.00201200024047997,0.00739666803112359,0.010922762579217316,0.002330972870085711,0.7476655442958865,0.47108943231505407,0.58084446,0.6151520395907207
183,2025-11-24 05:00:00+00:00,-0.0262523029500778,2,log_ret_next,0.024677674467964365,-0.0036441133494671406,-0.0017161914,0.005827803634823012,0.00201200024047997,0.0019619140325246188,0.009153059405628737,0.002083553729183814,0.708068672266728,0.4693838659039367,0.57775736,0.6037296374623539
184,2025-11-25 05:00:00+00:00,0.0136283707613938,2,log_ret_next,0.02286032490589205,0.015029231975745854,0.018367233,0.042007257783653836,0.00201200024047997,0.009953647223650792,0.0077539772486247775,0.0023776372266294163,0.7246518704110053,0.5621462082647382,0.7179172,0.5711779511016263
185,2025-11-26 05:00:00+00:00,-0.0182504814512152,2,log_ret_next,0.028971870651946202,-0.0038059463728431463,-0.004508466,0.002580838768362471,0.00201200024047997,0.0062197505955417145,0.010834924955329239,0.0020602557119419273,0.7681094819195783,0.4371984454513141,0.531154,0.6345906124155907
186,2025-11-28 05:00:00+00:00,0.0163626206369159,2,log_ret_next,0.024238237799367394,0.014697118894274552,0.010366024,0.04061220295872614,0.00201200024047997,0.008810753388612093,0.008961108566391424,0.002388113868239743,0.7236514671614732,0.49175617595848614,0.6061652,0.5997424673367221
187,2025-12-01 05:00:00+00:00,0.0085229508881422,2,log_ret_next,0.022721398806939082,-0.008447539384024007,-0.0235852,-0.054949359636388334,0.00201200024047997,-0.0026382450267892197,0.007295525522313492,0.0015556844988222508,0.7367372489939783,0.45965870916702684,0.31581688,0.6257602722469618
188,2025-12-02 05:00:00+00:00,-0.0103588109894609,2,log_ret_next,0.028363789368004842,-0.009070300587688908,-0.025631405,-0.03803717922783227,0.00201200024047997,-0.002016132343210258,0.010454661555368401,0.001726945046925173,0.777101100562079,0.46287973002705324,0.36087796,0.6350887827503067
189,2025-12-03 05:00:00+00:00,0.0209397279595193,3,log_ret_next,0.009358298566848848,0.0007670686609244173,-0.0004113983,-0.0002453832808029433,0.0017287657479936073,0.0008646225258700835,0.0054814137906323765,0.0019029541638216872,0.5905795576302335,0.5253543644754864,0.33042973,0.4949036468744121
190,2025-12-04 05:00:00+00:00,-0.0053036084734229,3,log_ret_next,0.007583771763901056,0.005869577133736572,-0.0011501482,-0.0036495521497628297,0.0017287657479936073,0.0024971777543956516,0.004639975459033789,0.0019040165401655723,0.5748759104108323,0.49858210725010876,0.42542908,0.5139221015574597
191,2025-12-05 05:00:00+00:00,0.0170674831786214,3,log_ret_next,0.007736004316116877,0.0028647875287889264,-8.300058e-05,-0.002296667803873425,0.0017287657479936073,0.0010139437892051617,0.0051979189361510475,0.0019136202455756145,0.5767567193545241,0.4745010171576357,0.47715706,0.5304693150011508
192,2025-12-08 05:00:00+00:00,-0.0031307475877748,3,log_ret_next,0.007338257945926889,0.0029457207573051277,-0.0016739548,0.0007662356270191688,0.0017287657479936073,0.00016257962857208418,0.004803765261155057,0.0018951330834949673,0.5720651782198464,0.48667279618734194,0.39874843,0.5127900277419153
193,2025-12-09 05:00:00+00:00,-0.0064542729353821,3,log_ret_next,0.005373938769678127,0.002132380088634512,-0.002210246,0.0007662356270191688,0.0017287657479936073,0.0008028955220888231,0.004131102245822949,0.0018786131801276137,0.5557702932008897,0.4963776422892429,0.42793605,0.5093427549084055
194,2025-12-10 05:00:00+00:00,-0.0156292077804892,3,log_ret_next,0.0032737866533375662,-0.0003516127366409924,-0.0012553979,0.00112701225474571,0.0017287657479936073,0.0005410390019917979,0.0034247966470901036,0.0018844936067920646,0.5261657694353449,0.4746774872524757,0.35615498,0.4963353729430245
195,2025-12-11 05:00:00+00:00,-0.0332098981310943,3,log_ret_next,0.0040201430909050165,0.015000972352664423,0.006727484,0.0006816309259471363,0.0017287657479936073,0.0030084992544265523,0.004516310242877196,0.002149123731058422,0.5411200809422161,0.5852415767817024,0.59424305,0.5020192473426506
196,2025-12-12 05:00:00+00:00,0.0072300506944736,3,log_ret_next,0.0030248834280022507,0.003593019868196525,0.008404606,0.006626821349813713,0.0017287657479936073,0.0022991713499248235,0.004116715046387356,0.0021393929316483166,0.5294410171166203,0.5244014277053202,0.5275023,0.507967741576764
197,2025-12-15 05:00:00+00:00,0.0080789567229641,3,log_ret_next,0.0003120274941530378,-0.00014413767889743343,0.00065181643,-0.003011756820969059,0.0017287657479936073,0.00220502773051517,0.0023785815738907117,0.0019063978376571789,0.5008619583702815,0.5056184565762906,0.4289113,0.49009610969971584
198,2025-12-16 05:00:00+00:00,-0.0388966529162824,3,log_ret_next,-0.002110067316072811,0.005945134531859039,0.0020538776,0.004762538135848574,0.0017287657479936073,0.0024100931152907317,0.0014242954318848214,0.0020118607552044635,0.47436527929769606,0.5319058295607753,0.5179603,0.48758703989304564
199,2025-12-17 05:00:00+00:00,0.0185469378754092,3,log_ret_next,-0.00014242418343766126,-0.0002899442275733358,0.009890476,0.0030449753218659485,0.0017287657479936073,0.0013998001166200533,0.0020086939575275223,0.002128800491005472,0.5001619820362221,0.52787215074336,0.62354153,0.513197217133148
200,2025-12-18 05:00:00+00:00,0.038582241575907,3,log_ret_next,-0.0002150381286145928,0.0029344251120693725,0.009642588,0.004119681912101719,0.0017287657479936073,0.001163005961045705,0.001396205053156326,0.002149368505729812,0.5030638429335546,0.5441750041634422,0.69992197,0.5207240544415309
201,2025-12-19 05:00:00+00:00,0.014807755977448,3,log_ret_next,-0.0017984502740329826,-0.006031261560163878,-0.017165689,-0.007376144123028884,0.0017287657479936073,-0.001978140148033226,0.00020321287611427263,0.0014725442721502905,0.47574372485973143,0.45404395770874406,0.47912967,0.5073907673606937
202,2025-12-22 05:00:00+00:00,0.0296079773784722,3,log_ret_next,-0.0004012234740358614,-0.007450525127114233,-0.018148717,-0.005724575375046655,0.0017287657479936073,0.00023526896482355987,0.0011391953207868463,0.001450547774766693,0.4947790178812603,0.5404982980237579,0.508284,0.48933862602067274
203,2025-12-23 05:00:00+00:00,-0.0031761505282191,3,log_ret_next,-0.010019457329304147,-0.010214726296444494,-0.014339847,-0.0123664190643555,0.0017287657479936073,-0.0029468644999410066,-0.0037333568841908154,0.0014815805548791595,0.38944646789954673,0.43815787314068744,0.36720106,0.469296613854288
204,2025-12-24 05:00:00+00:00,0.0101282617769813,3,log_ret_next,0.00037892864116491885,-0.0061814262458565776,-0.0070248037,-0.003876288734600184,0.0017287657479936073,0.0014992522445240683,0.001568797539416768,0.0017018128894429943,0.5093832243446961,0.49401874833409204,0.41510493,0.49426472081045575
205,2025-12-26 05:00:00+00:00,-0.0121981581599575,3,log_ret_next,-0.0019491833001803707,-0.0045758980390305844,-0.0053811707,-0.0039116407868783586,0.0017287657479936073,0.0010970158698746196,0.0005357966594794399,0.0017465804335385995,0.4797184351321356,0.4004472824566853,0.26689896,0.49276100879343593
206,2025-12-29 05:00:00+00:00,-0.00361937772433,3,log_ret_next,-0.00405297211686145,-0.0021583703067801956,-0.0025744694,0.016428121824552375,0.0017287657479936073,0.007948753291754868,-0.0008295777459071403,0.0019176005653104681,0.47772152620101394,0.5642974528862651,0.5770823,0.4872753834045924
207,2025-12-30 05:00:00+00:00,-0.0055608811079537,3,log_ret_next,-0.009149724813075537,0.00046668832302585833,-0.00097024045,0.011680334082536369,0.0017287657479936073,0.0067195835965888915,-0.003064817499757287,0.0019457554907689732,0.41247743773839163,0.591130441225289,0.61108327,0.4644322921867479
208,2025-12-31 05:00:00+00:00,0.0125218423939789,3,log_ret_next,-0.008624506995316295,-0.0022232746511400376,-0.00052469346,0.0007670012788300964,0.0017287657479936073,0.005055198081572516,-0.00227070950386842,0.0018861675005346708,0.42175927157541127,0.6446417138071606,0.6133449,0.45013626635757686
209,2026-01-02 05:00:00+00:00,-0.0038730503568416,3,log_ret_next,-0.007854273292342026,-0.003207075835747949,-0.0010413787,0.005615823165054531,0.0017287657479936073,0.005243671600173173,-0.0021196027408250046,0.0018919398571141674,0.4316755681316008,0.6252018196491826,0.5676063,0.45224858237702387
210,2026-01-05 05:00:00+00:00,-0.0046887853515817,3,log_ret_next,-0.007600475937678146,-0.0036148798622077038,-0.0014493549,0.0009154740995174265,0.0017287657479936073,0.004738228698829844,-0.001879621512922866,0.0018584566397284788,0.4301648021053831,0.6342900152227443,0.55867755,0.4474661694853529
211,2026-01-06 05:00:00+00:00,0.0099376137972506,3,log_ret_next,-0.009843063193624164,-0.007002327965948008,-0.002729467,-0.012390377645458164,0.0017287657479936073,0.001127593213831875,-0.002978355520723801,0.0017466989725280135,0.4084204320197413,0.5431039526338551,0.45454,0.45440464994057983
212,2026-01-07 05:00:00+00:00,-0.0217568779268222,3,log_ret_next,-0.007970556382858724,-0.010093860491483288,-0.007161215,-0.00949049735171974,0.0017287657479936073,0.00011048199097067835,-0.0026057182906511784,0.001647223446673844,0.4184832430574848,0.4621967256687613,0.30313024,0.4600557688458601
213,2026-01-08 05:00:00+00:00,-0.0009731965015264,3,log_ret_next,-0.008326725204391096,-0.007937805277495767,-0.006731902,-0.011001946790894746,0.0017287657479936073,0.0008949234426958336,-0.002787862396266343,0.0016629478350944674,0.41645221163016544,0.36975159261413704,0.33901086,0.4952841262803238
214,2026-01-09 05:00:00+00:00,0.0004326762122366,3,log_ret_next,-0.007309762921790882,0.007184746916921111,0.0050783707,0.004624538458460179,0.0017287657479936073,0.003787793162443963,-0.0019233565448798504,0.002082885255158147,0.4288599859181244,0.4925633088348912,0.49100268,0.4826667057953383
215,2026-01-12 05:00:00+00:00,0.0046931717548368,3,log_ret_next,-0.008479689628354629,0.002199625626184634,3.695915e-05,-0.0014017064847316565,0.0017287657479936073,0.0016797952166276572,-0.0022045081474234085,0.001916117889989486,0.415357902717378,0.5474001032765284,0.41884378,0.4494996552254653
216,2026-01-13 05:00:00+00:00,-0.01447374875852,3,log_ret_next,-0.013422650571312339,0.001666016720044937,0.0015760912,-0.0022424860352669926,0.0017287657479936073,-0.000825154465402208,-0.004791816653490265,0.0019411356268616382,0.38896830313434894,0.5017028490856489,0.42880863,0.45808858817712417
217,2026-01-14 05:00:00+00:00,0.0211250927624718,3,log_ret_next,-0.006436828748497204,0.004520516949670966,0.006787339,0.0026514549060232045,0.0017287657479936073,0.005861502147526895,-0.002222719406189933,0.00209243893464446,0.4479740137945314,0.5462858957988959,0.6274976,0.49222758197431005
218,2026-01-15 05:00:00+00:00,-0.00439353110779,3,log_ret_next,-0.007042583880904655,-0.0008147556063008057,0.0009791949,-0.0013722531045797684,0.0017287657479936073,0.002808017954806228,-0.0031315264668249423,0.0019167580043420868,0.43962714871738773,0.43946987887685707,0.37146333,0.48446925955590847
219,2026-01-16 05:00:00+00:00,-0.0448056734572197,3,log_ret_next,-0.006454857246690733,0.0003822230025626207,-0.0007338115,-0.0013722531045797684,0.0017287657479936073,0.002381693797320458,-0.0028609222648589977,0.0018883519421223943,0.44440255030095693,0.4278943888338247,0.37220004,0.4897969237234175
220,2026-01-20 05:00:00+00:00,0.0290565270497689,3,log_ret_next,-0.010003013800267108,-0.0003923081730410687,0.0011969168,0.0017519316628864551,0.0017287657479936073,0.004976291759083668,-0.005684678842123734,0.0019388591208337586,0.4065271429607326,0.5374493798112635,0.5770815,0.47485403556442185
221,2026-01-21 05:00:00+00:00,0.0082572665956323,3,log_ret_next,0.002988514541929341,-0.013629610259864876,-0.022573927,-0.010124304601904157,0.0017287657479936073,-0.0036909956190098463,-0.0012158137819440402,0.0012968044183378387,0.5001733427901983,0.3760979899333599,0.30981344,0.5135801524098641
222,2026-01-22 05:00:00+00:00,0.0151945253566576,3,log_ret_next,-0.007030206685707228,-0.015199301078956874,-0.031555273,-0.01208773889604987,0.0017287657479936073,-0.0017708142538540833,-0.0047802844817063294,0.0010882042054099377,0.42170988415931004,0.38744378128009777,0.2570275,0.47818068962937044
223,2026-01-23 05:00:00+00:00,-0.0064147167640222,3,log_ret_next,-0.00748143562873513,-0.005692796311528709,-0.011053644,-0.005152574819489246,0.0017287657479936073,-0.0007697795655293628,-0.005040627392153623,0.0016140221267086578,0.4211560914354235,0.39967351739022333,0.45982108,0.5058822212481627
224,2026-01-26 05:00:00+00:00,0.0109337499363204,3,log_ret_next,-0.0053261054435148536,-0.0011238687690031108,-0.003425331,0.0033574400953952904,0.0017287657479936073,0.0009821082680869964,-0.0030619345080465134,0.0018443871534961692,0.45075343812276286,0.45436742479120423,0.5648606,0.5133090559800365
225,2026-01-27 05:00:00+00:00,0.0157881393991334,3,log_ret_next,-0.01150573175168221,-0.0035611109874449398,-0.0025702,-0.0035598533520701803,0.0017287657479936073,0.002505639571149623,-0.005077739792342524,0.0018139837242584565,0.39815349147050516,0.437803760615828,0.43266162,0.48227083664881026
226,2026-01-28 05:00:00+00:00,0.0051558077782643,3,log_ret_next,-0.006522905921847231,-0.007253063487478509,-0.001711124,-0.0023412613292375555,0.0017287657479936073,0.005108558468474033,-0.0031551143787422586,0.0018141562523038036,0.4443255659241064,0.4880449290869918,0.535719,0.49578313851141453
227,2026-01-29 05:00:00+00:00,-0.0071942215525168,3,log_ret_next,-0.0069655223476997406,-0.012445831118612485,-0.0066902703,-0.008483091366883008,0.0017287657479936073,0.0025376016096916648,-0.0033398754347862625,0.0016468200938736695,0.4370730643203332,0.42553122532089094,0.36528495,0.4872989834331528
228,2026-01-30 05:00:00+00:00,-0.0293061488442193,3,log_ret_next,-0.006712306573221461,-0.009541997926459397,-0.0025766117,-0.003070571947573007,0.0017287657479936073,0.0020074883730776152,-0.0032735190952124437,0.001777772825544543,0.4387708074400378,0.44961136941156604,0.416129,0.48791270860196867
229,2026-02-02 05:00:00+00:00,-0.0288037637342966,3,log_ret_next,-0.01002242569128859,-0.003082245436699699,-0.0012576114,-0.0036039217497164963,0.0017287657479936073,0.0032568883331166084,-0.005728985213205665,0.00184450289713642,0.40580025839595524,0.40864290610179255,0.3390541,0.47938799058241605
230,2026-02-03 05:00:00+00:00,-0.0346972662599293,3,log_ret_next,-9.464146232240943e-05,-0.007211468358376826,-0.0003847131,-0.005769354716823423,0.0017287657479936073,0.0039437077004731815,-0.0017294157067567451,0.0018261262701970724,0.46740031773918456,0.46275333053270756,0.40581828,0.49052448365710266
231,2026-02-04 05:00:00+00:00,-0.0133500841900775,3,log_ret_next,-0.004199064959794134,0.006431760429894125,0.006666002,0.007177479988609753,0.0017287657479936073,0.004351513146448871,-0.0029219873979126672,0.0021235957705537205,0.45428664134820973,0.591328366835937,0.59635866,0.4744834002540876
232,2026-02-05 05:00:00+00:00,0.0757730215461158,3,log_ret_next,-0.0028257796324084013,0.003662382945897529,0.0038799623,0.004732865559400803,0.0017287657479936073,0.003903960696734239,-0.0021426129922096516,0.0020355385236305937,0.4617066647695601,0.577671749406839,0.7059146,0.4983730299951335
233,2026-02-06 05:00:00+00:00,0.0246649321288402,3,log_ret_next,-0.008709411423788541,-0.019670387314361694,-0.019679474,-0.009926395434925109,0.0017287657479936073,-0.008265786877518715,-0.007859086784425255,0.0013199446403849026,0.41357755672449437,0.35720557227097594,0.2926338,0.4912444976794903
234,2026-02-09 05:00:00+00:00,-0.007924390631787,3,log_ret_next,-0.0020724478317393886,-0.02148144791782503,-0.017115919,-0.009926395434925109,0.0017287657479936073,-0.007930196190685457,-0.002958733853806212,0.0013623281797581555,0.4756362614240341,0.30325271188534647,0.252831,0.5211515157279756
235,2026-02-10 05:00:00+00:00,0.0079770611346875,3,log_ret_next,0.0031709359251024163,-0.022486788195152548,-0.018866997,-0.01028736571456491,0.0017287657479936073,-0.006235957309382587,-0.0017410939899024328,0.0013172720762722882,0.45540453086068683,0.2852019201860511,0.19877636,0.5125402995248283
236,2026-02-11 05:00:00+00:00,-0.0164994886786391,3,log_ret_next,-0.00218091913819713,-0.019584418015787197,-0.018664207,-0.010416234643833804,0.0017287657479936073,-0.0055389276135521,-0.0034684048979135877,0.001339565546149125,0.467652917079207,0.3637574178817698,0.27960622,0.5031767121387152
237,2026-02-12 05:00:00+00:00,-0.0223403740501657,3,log_ret_next,-0.0012240819238392396,-0.01325578983944934,-0.012433927,-0.005380837941970084,0.0017287657479936073,-0.0061082337182925914,-0.0028951881346749855,0.0015353102656691952,0.48532231355491345,0.4008626144766741,0.41769654,0.5179986909864356
238,2026-02-13 05:00:00+00:00,0.0117463076018128,3,log_ret_next,0.002665418257503803,-0.0017193269955708414,0.0006947797,-0.001093396017584623,0.0017287657479936073,0.001533636271573487,-0.00015054631285928047,0.0019062802396764746,0.5189685776194942,0.4676970137833034,0.45631588,0.5122214529014475
239,2026-02-17 05:00:00+00:00,0.016141895097958,3,log_ret_next,0.0018226677820378002,0.00035472145010259024,-0.004408373,-0.0008554702318649374,0.0017287657479936073,0.0012869772859806165,-0.0009487094735532063,0.001813207393768587,0.5042910837944294,0.4698886186479277,0.36783895,0.49321740933428404
240,2026-02-18 05:00:00+00:00,-0.0004256775272488,3,log_ret_next,0.006389465666667279,0.0019226249733252246,-0.0016041462,-0.0012520002257049281,0.0017287657479936073,0.0007080305747299457,0.0009298408137432389,0.001880473819382934,0.5369576884073676,0.42418191711925923,0.3137194,0.50941866458573
241,2026-02-19 05:00:00+00:00,0.010166419350787,3,log_ret_next,-0.0009532524887539344,0.0032208545329277917,0.0017788418,0.0010054522924556914,0.0017287657479936073,-0.0002067617814459505,-0.0014529114115793289,0.0019707769871272923,0.47129926713099707,0.4692737219540089,0.3467054,0.4802662417720065
