,date,y_true,window_id,target,y_pred_linear,y_pred_rf,y_pred_xgb,y_pred_gbr,y_pred_elasticnet,y_pred_extratrees,y_pred_sgd
0,2025-03-05 05:00:00+00:00,0.0073516030187994,0,log_ret,0.00476716472507114,-0.0033697346006784645,0.0005856254,-0.0005952542344001873,-0.0011373252980067714,-0.005906984263999786,-0.0024023048056346294
1,2025-03-06 05:00:00+00:00,0.0114987743073815,0,log_ret,0.018669892601668535,0.00515583458693819,0.0074077384,0.01035345643864422,0.0003512097236470644,0.006711366391010023,0.007379180293994599
2,2025-03-07 05:00:00+00:00,0.0185016049552585,0,log_ret,0.027552385080870694,0.016839852381593676,0.01702553,0.015429541031735388,0.0012402158554435396,0.019614932273854406,0.015436831062027907
3,2025-03-10 04:00:00+00:00,-0.0033727118866588,0,log_ret,-0.0017401063681501754,-0.001472583400294007,-0.004665143,0.00041783931189504883,0.0012686342959933453,-0.00023808021978798853,-0.00899722715167758
4,2025-03-11 04:00:00+00:00,-0.0247020256799457,0,log_ret,-0.03059631173852479,-0.01706665931543723,-0.015171955,-0.017308998046752636,2.491540150516096e-05,-0.01703670345458023,-0.02229670459638545
5,2025-03-12 04:00:00+00:00,-0.010831827926696,0,log_ret,-0.012618730138574235,-0.016503679937852057,-0.010742655,-0.017208718321414403,-0.0012014039958727415,-0.012176931548957977,-0.009845430270986631
6,2025-03-13 04:00:00+00:00,-0.0042876072225632,0,log_ret,0.0012304935670618764,-0.016875027339852806,-0.011124268,-0.017298595855685828,-0.0019390811933721146,-0.011987552230776116,-0.0014525424893215289
7,2025-03-14 04:00:00+00:00,0.0046764001114769,0,log_ret,0.007123983499868724,0.006481628463159519,0.005581851,0.005214709506746219,-0.0024184081194925378,0.005646292395990312,0.0017080849115281792
8,2025-03-17 04:00:00+00:00,0.0127489995765736,0,log_ret,0.007496282384741434,0.00820205423465898,0.0060019954,0.008235171588623977,-0.0012377157287324805,0.009401870257951955,-0.002152103412882043
9,2025-03-18 04:00:00+00:00,0.0099313380164566,0,log_ret,0.011287539857630568,0.006725283819330945,0.0056341863,0.007858388868305852,0.0007434488973090907,0.010535751087376075,-0.000609059028156273
10,2025-03-19 04:00:00+00:00,-0.0038081780509056,0,log_ret,0.0023264490291951003,-0.001778447176220286,-0.0039466633,-0.0023170727489094595,0.0009503346611860628,9.293093010041779e-05,-0.0028968173488436335
11,2025-03-20 04:00:00+00:00,-0.0007632696153203,0,log_ret,0.002735618686152961,-0.003048168687669889,-0.0026262417,-0.00031408553714376477,0.001094937524142789,-0.0032347507992109776,0.0022485237479543535
12,2025-03-21 04:00:00+00:00,0.0034304850719472,0,log_ret,0.02317994304523726,0.001903475703639493,0.0021969215,0.0009809455917396865,0.001153358437004885,0.02047372757013595,0.029253238290359636
13,2025-03-24 04:00:00+00:00,-0.0053414857181385,0,log_ret,-0.008496805248574974,-0.0013515375068174989,-0.0018032714,-0.0002595547822403902,9.783989371760285e-05,-0.002923169394550364,-0.012878431380496779
14,2025-03-25 04:00:00+00:00,-0.0228293756793285,0,log_ret,-0.026545233148166668,-0.011442449042335377,-0.011390001,-0.012032870579434635,-0.0021527399350085817,-0.012909032533585788,-0.021108169553234413
15,2025-03-26 04:00:00+00:00,-0.0133965412111683,0,log_ret,-0.01213148218921188,-0.014686123760490461,-0.012535491,-0.011906520777476753,-0.0025931013106350663,-0.013867915842894527,-0.014851843903635524
16,2025-03-27 04:00:00+00:00,-0.0079650430990237,0,log_ret,-0.005594790831796044,-0.013146805074897561,-0.009899064,-0.010973499331505779,-0.0029210890017498004,-0.011557191316431039,-0.00915271336807347
17,2025-03-28 04:00:00+00:00,0.0079650430990238,0,log_ret,-0.0018042090948948628,0.008360785106424351,0.0030232016,0.0037511460493339826,-0.0024850711485710467,0.005538671804553668,-0.006597751713331671
18,2025-03-31 04:00:00+00:00,0.0051433587557205,0,log_ret,0.0035520615051119484,0.008605753624529514,0.005727331,0.006428363906187811,-0.0018552519345482335,0.008528673021074497,-0.010139274932180711
19,2025-04-01 04:00:00+00:00,-0.0320795953293455,0,log_ret,-0.02541856275603361,-0.020171547104708566,-0.023741413,-0.026897674931950947,-0.0026585335909938834,-0.014102328517657041,-0.029935106530513816
20,2025-04-02 04:00:00+00:00,0.0064987921331838,0,log_ret,0.004940879645912854,0.00264416123453946,0.0030307174,-0.0021496588511768127,-0.0016063799857138615,0.003683204341352769,-0.008930442729625303
21,2025-04-03 04:00:00+00:00,-0.0167385058369532,0,log_ret,-0.009716605072256353,-0.02156367950442845,-0.020556675,-0.020692738655407324,-0.002148082673650718,-0.01800563274175216,-0.020977492543907534
22,2025-04-04 04:00:00+00:00,-0.0558757747866875,0,log_ret,-0.025073031790123847,-0.025276248250877452,-0.029645069,-0.028336624434838337,-0.005002374207309299,-0.026418261055997583,-0.03458210002564646
23,2025-04-07 04:00:00+00:00,-0.0149125184074393,0,log_ret,-0.011372490115527482,-0.02200960856613196,-0.023670012,-0.021216775510741772,-0.005862094429184308,-0.023234768779586797,-0.0173701659109623
24,2025-04-08 04:00:00+00:00,-0.0355333410551596,0,log_ret,-0.020471887450428213,-0.02293640778492172,-0.02290793,-0.018849989566495542,-0.006008411072363563,-0.018610203229805954,-0.020977115294794856
25,2025-04-09 04:00:00+00:00,0.0293275566171963,0,log_ret,0.019501558788915976,0.015155724345889217,0.0108574275,0.018900328054576348,-0.004813194035616267,0.010130610044035928,0.01862422813945332
26,2025-04-10 04:00:00+00:00,-0.0408405780288683,0,log_ret,-0.03805563333395787,-0.024025457083533475,-0.031436075,-0.028732740132301638,-0.006062226907398283,-0.02358519398624542,-0.04776641205219871
27,2025-04-11 04:00:00+00:00,0.0147129774559744,0,log_ret,0.013889552833152505,0.005628917507292216,0.005924625,0.0034396297291376292,-0.002852278874923816,0.005605303743379611,-0.0015286803040081487
28,2025-04-14 04:00:00+00:00,0.0095390697331274,0,log_ret,-0.006862548656118904,0.005845864685672956,0.0059881276,0.005429303096642256,-0.0016399039905034658,0.006498076594531963,-0.016538015921752955
29,2025-04-15 04:00:00+00:00,0.0143628779525305,0,log_ret,0.01509532731242651,0.01737212249680314,0.010409769,0.009287106307624086,0.0008639651765864424,0.009521467544710165,0.008695608960702688
30,2025-04-16 04:00:00+00:00,-0.0179860172808162,0,log_ret,-0.014736755358106639,-0.003940067373195725,-0.0056318813,-0.007691658952313361,-0.001551649736805879,-0.003442792832053083,-0.02903072698744029
31,2025-04-17 04:00:00+00:00,0.0045268767542512,0,log_ret,0.008546549432324592,0.004969250886776479,0.0061673573,0.0058444992231223136,0.0006495539468664071,0.005385656675722941,0.005255229538577004
32,2025-04-21 04:00:00+00:00,-0.0045268767542512,0,log_ret,-0.0012754651700650481,-7.925653193078982e-05,0.0010619145,-0.0020281291880472323,-0.0002819952892104054,0.0006059020369953797,-0.008989471762488674
33,2025-04-22 04:00:00+00:00,0.021988723604249,0,log_ret,0.025084028910820424,0.012556662167108278,0.015270992,0.013625649493514212,0.000552157721642368,0.0099837071891954,0.01880602535276711
34,2025-04-23 04:00:00+00:00,-0.0062334151639347,0,log_ret,0.002145420059164779,0.005494550485172429,-0.000905474,0.0018376480910074118,-0.00044341476412361735,0.004462105680088143,-0.005469055186193241
35,2025-04-24 04:00:00+00:00,0.0172686379119299,0,log_ret,0.03331704110372214,0.011310503810445285,0.014480393,0.0102977271791322,0.0021033461109458834,0.009965997555319317,0.01803296126900284
36,2025-04-25 04:00:00+00:00,0.0061269336707721,0,log_ret,0.012759692021303436,0.014287220434523967,0.01408908,0.015501358529280071,0.0023876286182668367,0.01709939748322701,0.0030620384189286518
37,2025-04-28 04:00:00+00:00,0.0056558837919115,0,log_ret,0.017416519280747455,0.01607476216445533,0.015102048,0.01631947850509192,0.002891118457811158,0.019639941405676375,0.014432044602169477
38,2025-04-29 04:00:00+00:00,0.0315996153104855,0,log_ret,0.018208418025729343,0.029363105604358206,0.022090243,0.014492516460129426,0.0033710582902795544,0.029936402966488505,0.014132589821837384
39,2025-04-30 04:00:00+00:00,0.0257275218313182,0,log_ret,0.020327778296803507,0.016920375093430483,0.014708274,0.013273532915543156,0.00500067937755838,0.014170606100118393,0.01672235677922623
40,2025-05-01 04:00:00+00:00,-0.0198600302558071,0,log_ret,-0.00925812111906492,-0.015671271413114276,-0.019450752,-0.019633182453328096,0.0028256620746959084,-0.013222800908021264,-0.013658203132735292
41,2025-05-02 04:00:00+00:00,0.011219821749635,0,log_ret,0.026509855996218207,0.006325884576906633,0.011561594,0.01510632459742436,0.0032349639764416055,0.00492888312410472,0.019048657564247954
42,2025-05-05 04:00:00+00:00,-0.0137301608670294,0,log_ret,0.007632201614241157,-0.010254838676653399,-0.011755234,-0.011122478803210519,0.0020637004690944416,-0.009286618045656342,0.00406810477929897
43,2025-05-06 04:00:00+00:00,-0.0423594407181482,0,log_ret,-0.013439081188496195,-0.01975845297558006,-0.016599525,-0.017472887632394223,-0.0020684104190757746,-0.018351794952731818,-0.011627601323083558
44,2025-05-07 04:00:00+00:00,-0.0039412656977888,0,log_ret,-0.003955719017754489,-0.005769426123848576,-0.0012955758,-0.002904037445301937,-0.0034611371291842683,-0.008353950209745066,-0.005645481724660716
45,2025-05-08 04:00:00+00:00,0.0078671478458621,0,log_ret,0.008483987927279028,-0.0031949960509993756,0.00022736847,-0.0013936481749731865,-0.0021003425997637142,0.0006335732201241439,0.007225879344727622
46,2025-05-09 04:00:00+00:00,-0.011602059813818,0,log_ret,-0.013797562331289173,-0.0056868382674261685,-0.0064400607,-0.009185923741316248,-0.0034826788683497553,-0.00457354240067232,-0.014283514363560868
47,2025-05-12 04:00:00+00:00,0.0357101123897566,0,log_ret,0.024345080227029175,0.0106548374371251,0.015234102,0.01511669743893719,-0.0006126992820400822,0.015039151897974308,0.01617031228494951
48,2025-05-13 04:00:00+00:00,-0.0095735205960896,0,log_ret,-0.009023805361294568,-0.009400808688729315,-0.008984546,-0.008062393158191097,0.0006320216203421025,-0.007592617471479491,-0.010605718175511621
49,2025-05-14 04:00:00+00:00,-0.0378749321898333,0,log_ret,-0.01779873009099763,-0.029191846611777744,-0.01963501,-0.022315052632899755,-0.001509689691400087,-0.02258885081005686,-0.016401229885159345
50,2025-05-15 04:00:00+00:00,0.0259988038667294,0,log_ret,0.018640581917986208,0.019128821145278908,0.022463754,0.02422603106355248,-0.00020543568767709817,0.015663571980360197,0.01458033846006724
51,2025-05-16 04:00:00+00:00,0.0101255183122963,0,log_ret,0.015289230890714833,0.015621929435991494,0.0041001933,0.007756371198500437,0.00101883923408763,0.012005925905901596,0.013991107982209554
52,2025-05-19 04:00:00+00:00,0.0074188013799712,0,log_ret,0.00536997706787505,-0.0008781023152882063,-0.0012357945,-0.000279467670500889,-0.00020809335597634027,0.0026501038163303974,-0.0020464312378613548
53,2025-05-20 04:00:00+00:00,0.0223568428268637,0,log_ret,0.015593537391035545,0.010877587126069881,0.0053225565,0.008325349557908562,0.0018677696061885664,0.009208268742659063,0.005627686857071833
54,2025-05-21 04:00:00+00:00,-0.0206191609516378,0,log_ret,-0.007400904503243066,-0.014236791424850952,-0.014904845,-0.01820177486717136,0.0023032671122463475,-0.010874087322358419,-0.009642185726798976
55,2025-05-22 04:00:00+00:00,0.0,0,log_ret,0.008080117366250372,0.0021308950614143105,0.0020796922,0.001569609975257639,0.0011607216883969945,0.0001548204187325809,0.00679725606944481
56,2025-05-23 04:00:00+00:00,0.0120794370290345,0,log_ret,0.013424517077599354,0.006178822626733514,0.004440478,0.003343327363953246,0.0015342655283592716,0.0058368081203963255,0.012255461048817693
57,2025-05-27 04:00:00+00:00,0.0123590458018231,0,log_ret,0.015644073989015902,0.013896847991587276,0.011835933,0.012474953506852392,0.0019737960964236485,0.017464499661227137,0.014529780653868602
58,2025-05-28 04:00:00+00:00,-0.0183805253273603,0,log_ret,-0.02044010897414314,-0.010206497571907882,-0.011973063,-0.013078132408101644,-0.0003773628149744791,-0.011013531751129662,-0.01676999050780392
59,2025-05-29 04:00:00+00:00,0.0115806825743378,0,log_ret,0.010754394475620651,0.003736882909834393,0.0066981986,0.009268522134820588,0.0014088132623538622,0.005688690319022912,0.009859925083531085
60,2025-05-30 04:00:00+00:00,0.0017041935709959,0,log_ret,0.010964831828709998,0.001783679173276466,0.002936067,0.0030347914026120732,0.0015288787355634788,0.003464358819038642,0.006977030623730657
61,2025-06-02 04:00:00+00:00,-0.0012779583962214,0,log_ret,0.009144854776652472,-0.0006107337771728322,0.0023569663,-0.0008996915711446893,0.0008578626765859212,-0.00047139072093523894,0.008323847136560977
62,2025-06-03 04:00:00+00:00,-0.0046998126784529,0,log_ret,-0.005733180497149742,-0.004663147930283517,-0.0055916966,-0.005879030870056678,-5.4048104428330534e-05,-0.004656515216195945,-0.006206666996935651
63,2025-06-04 04:00:00+00:00,0.0017115717438218,1,log_ret,0.0033957939010233066,-0.003968237842814574,-0.0037635013,-0.0037974289352067305,0.0010815025201599464,-0.0051779149004543504,0.0025271594458807856
64,2025-06-05 04:00:00+00:00,-0.0116104766905683,1,log_ret,-0.012558572457649858,-0.012820381283491201,-0.016096676,-0.01631186796097588,-0.0010664166527587994,-0.012846120795866351,-0.011153803618999078
65,2025-06-06 04:00:00+00:00,0.0098989049467465,1,log_ret,0.01157202650100526,0.0008197485816953427,0.0037262395,0.003195382929729523,-0.00014161221774588043,0.0005104302253963995,0.010257343631451074
66,2025-06-09 04:00:00+00:00,0.0262060670573126,1,log_ret,0.030149621209660117,0.019008724136160983,0.01678065,0.01622748340179919,0.0022378238593861507,0.01913825958772669,0.019502784331898334
67,2025-06-10 04:00:00+00:00,0.0136732499955853,1,log_ret,0.006973175870567614,0.012649130545698096,0.010211505,0.00890537986191013,0.003003964818061056,0.013833769707212522,0.010546665535549674
68,2025-06-11 04:00:00+00:00,0.0073801243062098,1,log_ret,0.00021142488065518223,0.017642875756190165,0.015152747,0.015398864798072866,0.0032431941049480212,0.013355688554679439,0.000896784377951224
69,2025-06-12 04:00:00+00:00,0.0145988326988228,1,log_ret,0.01955982228351049,0.013149733014133217,0.01340953,0.013261841934675717,0.004367104747818719,0.0147203105891489,0.014257120055017116
70,2025-06-13 04:00:00+00:00,-0.0121507636409195,1,log_ret,-0.004582788986358341,-0.01088009155920875,-0.008584039,-0.008675631576753159,0.0029042755463000326,-0.010874906202181806,-0.0024504667262294656
71,2025-06-16 04:00:00+00:00,-0.0057212648070057,1,log_ret,0.0010226925947999694,-0.002936985471304861,-0.000524354,-0.0016309583343887529,0.0013283394232101579,-0.006397607976164,0.005202789303714091
72,2025-06-17 04:00:00+00:00,-0.0165293938244611,1,log_ret,-0.011080284669808737,-0.00985774502426649,-0.009980062,-0.007631908010298347,-0.0005834387759170268,-0.009685261504721559,-0.009650980557844302
73,2025-06-18 04:00:00+00:00,-0.0050125531724718,1,log_ret,-0.0021268909458798716,-0.003767346721647923,-0.0024928614,-0.0019484072831767196,-0.0012814688779174206,-0.003895722008228175,-0.0014357988528716618
74,2025-06-20 04:00:00+00:00,0.0037617684442403,1,log_ret,0.006689228538541186,-0.002808369618781974,-0.001237703,0.0015907649777789797,-0.0015520501118114545,0.0003558723477112608,0.0005191546555460496
75,2025-06-23 04:00:00+00:00,0.0025000069481848,1,log_ret,0.007378201689790066,0.00106169034134196,0.002381301,0.00028740119517215606,-0.000873074517916842,0.000643088905039353,-0.0004204844986784771
76,2025-06-24 04:00:00+00:00,0.0115847370332284,1,log_ret,0.010095935325032144,0.00478625003273084,0.0058983,0.005807362933996815,0.00029914696120203406,0.005317428019367435,0.0023107380114441353
77,2025-06-25 04:00:00+00:00,-0.0020588342979243,1,log_ret,-0.0032147469048239394,0.0023389653308374045,0.00082188705,-0.0003694021165062873,0.0008005028795622605,-4.21015931010841e-05,0.0012667021403662893
78,2025-06-26 04:00:00+00:00,-0.0008247717413312,1,log_ret,0.0013647578391941465,-0.0031735999650266767,-0.0026143854,-0.004609979049553128,0.0007785899225161538,-0.0036583665275812705,0.0016309958343680587
79,2025-06-27 04:00:00+00:00,-0.0020647858752118,1,log_ret,-0.005475342873084066,-0.005912218109668065,-0.0059782574,-0.008301326180911953,-0.00027061071993730943,-0.007498739079049335,-0.0030576535785656386
80,2025-06-30 04:00:00+00:00,0.0020647858752118,1,log_ret,0.00368655863560192,-0.002897285757108132,-0.0022248458,-0.006981889096418064,-0.00013448722255522116,-0.002558648390585503,0.006940721954788547
81,2025-07-01 04:00:00+00:00,0.0324703228514179,1,log_ret,0.034219154638371045,0.026221192711209,0.024088211,0.021987978093460453,0.00257303882786467,0.0265543244293968,0.02376915630448442
82,2025-07-02 04:00:00+00:00,0.0111200500308492,1,log_ret,0.008903706587995755,0.015126522209467063,0.010864092,0.010913586224467097,0.003125604884911128,0.013715499385190583,0.006928531272864154
83,2025-07-03 04:00:00+00:00,0.002366870445889,1,log_ret,0.00027509235811912474,0.01366357611599175,0.0076791327,0.01444703563449515,0.0032605234179495022,0.011014005108925085,0.001484157489359312
84,2025-07-07 04:00:00+00:00,-0.0055314638486902,1,log_ret,-0.0032129608871678036,-0.003967368240577953,-0.0016042994,-0.003990160838691667,0.002838235510677282,-0.0026247392641439156,-0.005515404955422727
85,2025-07-08 04:00:00+00:00,0.0149434762323634,1,log_ret,0.02396268199242725,0.021592300388593232,0.019876165,0.017903465800314503,0.0036609087611032235,0.01871635866953976,0.01750422392393399
86,2025-07-09 04:00:00+00:00,-0.0023448290068281,1,log_ret,0.008463654348187775,-0.0034675883803814687,0.00046485369,-0.0023279622505894466,0.0020966133773272395,-2.537166797321057e-05,0.005418199058154457
87,2025-07-10 04:00:00+00:00,0.0085703614820405,1,log_ret,0.016449719394443906,0.010602116322674106,0.010333812,0.012003885917796882,0.0020933905549372646,0.011524000038632805,0.00996552525543691
88,2025-07-11 04:00:00+00:00,-0.0050554896478188,1,log_ret,0.0016895452950892384,-0.005025864229189059,-0.0034461485,-0.0050769879744435404,0.0015694363446775532,-0.0031691060833502,-0.0050995066862624
89,2025-07-14 04:00:00+00:00,-0.0117647901747112,1,log_ret,-0.0013403278587830036,-0.006543688737755507,-0.0070951306,-0.007065026007299508,0.0007359292571938979,-0.009081736244647962,-0.0005104396267999618
90,2025-07-15 04:00:00+00:00,-0.0296258803076244,1,log_ret,-0.023747979889388898,-0.018684060576942486,-0.019167649,-0.017194271464220423,-0.0024095732565289733,-0.016504216096059454,-0.01834913493585837
91,2025-07-16 04:00:00+00:00,0.0,1,log_ret,0.0033599886998605948,-0.005901341974776172,-0.0019805203,0.0027216883445408107,-0.0023183838976742342,-0.005734603068324027,0.0018901293685020875
92,2025-07-17 04:00:00+00:00,-0.0012196814138722,1,log_ret,-0.0006807341884400487,0.005054157116576055,0.0032057622,0.007769788701370104,-0.002753444389629414,0.0011486482788241577,-0.004695177103445048
93,2025-07-18 04:00:00+00:00,-0.0044852640648794,1,log_ret,-0.007345332393806079,-4.971214058727335e-05,-0.0056510065,-0.002656914149665821,-0.0030148929155642333,-0.0019031415001595148,-0.008955282432953343
94,2025-07-21 04:00:00+00:00,-0.0086189108368044,1,log_ret,-0.014416061200100968,-0.014408144224998566,-0.01574461,-0.015307940503953508,-0.003334608152658464,-0.013319719721762073,-0.018211176296353382
95,2025-07-22 04:00:00+00:00,0.0356311905645187,1,log_ret,0.032565700690023444,0.02196911575933463,0.022015745,0.026597364013427827,0.0009855680801775632,0.02106552825363174,0.024052284454905763
96,2025-07-23 04:00:00+00:00,0.0087129992694489,1,log_ret,0.007163950188068743,0.007678783153846545,0.0049565914,0.005760894411918728,0.0017747072121741443,0.008181637533584096,0.00838835693154293
97,2025-07-24 04:00:00+00:00,-0.0003944532107871,1,log_ret,-0.007648898742470364,-0.001060129398746402,-0.0021635282,-0.0018051769969451513,0.001789668385643647,0.001424192201293168,-0.0004974361418327212
98,2025-07-25 04:00:00+00:00,-0.0052303013923923,1,log_ret,-0.011878298424337255,-0.004569811833517255,-0.006425736,-0.0053122897168965,0.001501555349214335,-0.005434437155411147,-0.006352136252307255
99,2025-07-28 04:00:00+00:00,-0.019552619085879,1,log_ret,-0.0171802084821874,-0.011173239960240909,-0.010281802,-0.012444138250906601,9.925762890926164e-05,-0.009777216802289207,-0.0038615960517164307
100,2025-07-29 04:00:00+00:00,-0.0004114155990062,1,log_ret,-0.00037393541064111995,-0.007129012006572485,-0.0022128716,0.0007747866260999035,-0.0013797607030170487,-0.006070446232076072,-0.002070377118559793
101,2025-07-30 04:00:00+00:00,-0.0203707304365831,1,log_ret,-0.020183352559899503,-0.013562533990308377,-0.014690593,-0.014881869335941225,-0.003412307438081948,-0.01283957480539779,-0.012968467899744051
102,2025-07-31 04:00:00+00:00,-0.0220814641818439,1,log_ret,-0.016612213652551375,-0.01770770237348152,-0.017653847,-0.017308103565322898,-0.004240879485431963,-0.01638235448707243,-0.013133736687596622
103,2025-08-01 04:00:00+00:00,0.0085506709468178,1,log_ret,0.0038784839894663186,0.009504874262204505,0.0052873944,0.007824843356894795,-0.0033560977205805845,0.006549552381382583,-0.004908887616118687
104,2025-08-04 04:00:00+00:00,0.0017013953923051,1,log_ret,0.009812035224490555,0.004055096497659824,0.002997307,0.0030200775343935614,-0.002460909450825493,0.005374941443815954,-0.002232603602743092
105,2025-08-05 04:00:00+00:00,0.050549234462776,1,log_ret,0.0531497971299312,0.01857870329153252,0.022688884,0.030793573165700406,0.0017835699162999186,0.024557174079606277,0.024480383324640077
106,2025-08-06 04:00:00+00:00,-0.0336924555129631,1,log_ret,-0.03473042795445924,-0.016288690077604997,-0.018029066,-0.016831347973381913,-0.0002389122835043312,-0.00699034457276624,-0.02876938508847212
107,2025-08-07 04:00:00+00:00,0.0124585281135244,1,log_ret,0.009443680152847727,-0.002671489087816709,0.0040311175,0.0013276923569976028,0.0017299094376686966,-0.0063526047717888815,0.006600591430248667
108,2025-08-08 04:00:00+00:00,0.0143415974744114,1,log_ret,0.012861567630635805,0.010948580814016924,0.008378764,0.009733611888021377,0.0026048597834517568,0.007208514103543083,0.013646904639818826
109,2025-08-11 04:00:00+00:00,0.0,1,log_ret,0.009281121939702094,-0.0037301354062863118,-0.0026639064,-0.0015410687070480135,0.0025329271402338427,0.000894128491989348,0.022480783249238225
110,2025-08-12 04:00:00+00:00,0.0028438018878237,1,log_ret,-0.0035691742546147473,-0.004484089372379054,-0.0032944959,-0.0018678513605975516,0.000705939192827135,-0.0019151332741035834,-0.0031503498864187303
111,2025-08-13 04:00:00+00:00,0.020478525934169,1,log_ret,0.016327589365177936,0.013015614482482143,0.013429039,0.012882745607710864,0.0034372459698654542,0.01305976646194861,0.02160124408589669
112,2025-08-14 04:00:00+00:00,-0.0019892288627317,1,log_ret,-0.0012802643752613185,-0.0008150219693621378,0.0007503192,0.0002196417426245307,0.002748393222415169,0.0022989548911178286,0.002471407438593018
113,2025-08-15 04:00:00+00:00,0.001193964999402,1,log_ret,0.0028883538849227407,0.0029055810749080225,0.007665362,0.005231830564312158,0.0022484212048492166,0.006358318812294741,0.006350515808791506
114,2025-08-18 04:00:00+00:00,-0.0027882965340602,1,log_ret,-0.003938483711282737,-0.00257648410224505,0.0009967984,0.001302948859156417,0.002022659815041762,-0.0001853959173391604,0.003553738436876299
115,2025-08-19 04:00:00+00:00,0.0099226936241726,1,log_ret,0.0008924982871666828,0.008895593000453427,0.008357064,0.00964160582710866,0.0024578603063449248,0.009670947358340834,0.01352499205221073
116,2025-08-20 04:00:00+00:00,0.0023668919116269,1,log_ret,-0.001759718136522453,0.008540255233460222,0.009003206,0.00774554987366967,0.0017123240850445115,0.009711559268649117,0.0058184862721903565
117,2025-08-21 04:00:00+00:00,0.0140847453192206,1,log_ret,0.010163884827143706,0.010640041611830811,0.011660517,0.010852701131368863,0.0023733076300086007,0.01090256904058741,0.009200299800715631
118,2025-08-22 04:00:00+00:00,0.0054242780110802,1,log_ret,0.0035172612968408894,0.01040934271705163,0.008073908,0.008113944031723448,0.00254903708132503,0.010074067294369861,0.003154417875197808
119,2025-08-25 04:00:00+00:00,-0.0290103123320403,1,log_ret,-0.023407959307869413,-0.013570508587658419,-0.015174403,-0.017266302584010972,0.0003504136691048747,-0.014234225976991135,-0.012581662566870414
120,2025-08-26 04:00:00+00:00,-0.0087895041398301,1,log_ret,-0.008791136396553581,-0.011293231220026482,-0.010319904,-0.00983464236699405,-0.0009991323212469219,-0.01169389414130982,-0.010300269077326464
121,2025-08-27 04:00:00+00:00,0.0060012076057698,1,log_ret,0.00629693969728381,-0.0050784103590112255,-0.0043379725,-0.005565425940874685,-0.0009761299391403743,-0.003385310765739627,0.006881723035460426
122,2025-08-28 04:00:00+00:00,-0.0189253926583469,1,log_ret,-0.016407317916350098,-0.009399638518593663,-0.015844459,-0.017796947587934084,-0.003341359466312475,-0.01486994386715508,-0.0138930819775951
123,2025-08-29 04:00:00+00:00,0.0064830514039073,1,log_ret,0.0012924782141144446,0.0021594922220077935,0.0022072396,0.0027690526532748536,-0.0029765506542520307,0.000702943229654994,-0.007878996773839107
124,2025-09-02 04:00:00+00:00,0.0088459717538676,1,log_ret,0.010945408702272997,0.0052250062617091135,0.0052763154,0.0052303316182540265,-0.0009760726023524367,0.005269900495699143,0.0014940250599034814
125,2025-09-03 04:00:00+00:00,-0.0076351394975903,1,log_ret,-0.010222142618384639,-0.002444816181421624,-0.0012510868,-0.003049702048082181,-0.001368232467475023,0.0007126003718460347,-0.0022715927080405344
126,2025-09-04 04:00:00+00:00,-0.0101358345539743,2,log_ret,-0.013705576122823006,-0.01359488066819181,-0.011870694,-0.010309952455473866,-0.002638684264760199,-0.013273728312406514,-0.009836310423840517
127,2025-09-05 04:00:00+00:00,0.0137597180463931,2,log_ret,0.01256406139073363,0.011275475068977721,0.011451578,0.012301188927012022,-0.0006870967356889316,0.010214551206970034,0.0053847876080998745
128,2025-09-08 04:00:00+00:00,-0.0133524056824338,2,log_ret,-0.011577415319958147,-0.012004304384694782,-0.010524558,-0.010555611188472666,-0.002198418175186381,-0.012351969644473406,-0.008259842129039678
129,2025-09-09 04:00:00+00:00,0.006496132838328,2,log_ret,0.005496785391130476,0.00496668141505613,0.004092119,0.006610228296063345,-0.001856886374134714,0.004087609931990488,0.0017628847894381487
130,2025-09-10 04:00:00+00:00,-0.0056818448441129,2,log_ret,-0.0037740389965681123,-0.0049493322933333835,-0.003547792,-0.0061496234960648375,-0.002159073147652822,-0.005559690258142463,-0.007330366104176938
131,2025-09-11 04:00:00+00:00,0.0117339796749976,2,log_ret,0.014931252068005434,0.011756689169053708,0.008034989,0.010226378857620051,-0.0006850644490088312,0.00838768604931615,0.0077675929919199405
132,2025-09-12 04:00:00+00:00,-0.04063761939296,2,log_ret,-0.030459737087775145,-0.026933530997088416,-0.02762029,-0.02720532963816113,-0.0032751618485783707,-0.023313914218423153,-0.025532814723200594
133,2025-09-15 04:00:00+00:00,0.0041805454600125,2,log_ret,0.007624761861405505,0.0064232550236592535,0.0009359421,0.003932446022590117,-0.0024284759781786195,0.0028461444771770957,0.0017226742013123626
134,2025-09-16 04:00:00+00:00,-0.0029245952615846,2,log_ret,0.0006043748021524718,-0.007417189635355025,-0.011956657,-0.009429046331396865,-0.0029320484958398614,-0.007795529528693004,-0.009604565475465432
135,2025-09-17 04:00:00+00:00,0.0062565264560613,2,log_ret,0.006142473607283875,0.009535563208038915,0.003874496,0.0068411210120814005,-0.0020722098534761767,0.006602969432588086,0.0054328392403182576
136,2025-09-18 04:00:00+00:00,0.0041494034237326,2,log_ret,-0.0060418384436095535,0.008236832693178306,0.0043782257,0.00621477796272105,-0.0019990463295978056,0.006210912665707723,-0.015106319736601337
137,2025-09-19 04:00:00+00:00,-0.0049813049477807,2,log_ret,-0.008354997953292573,-0.002100271031761478,0.003744334,-0.0014275831075230925,-0.0012235145200308333,0.0007995632573659461,-0.0011785305544820702
138,2025-09-22 04:00:00+00:00,0.0004161193596762,2,log_ret,-0.0043911312674859895,0.001863953739584018,0.0017460893,0.00045814939546019766,-0.001262706130393955,0.002195664982891818,-0.0028464041147792767
139,2025-09-23 04:00:00+00:00,0.0037366484506741,2,log_ret,6.088502789607222e-05,0.007998296525266225,0.0070862896,0.008104116900872208,-0.0007317120072663365,0.008975275412556548,0.0011214477342092783
140,2025-09-24 04:00:00+00:00,-0.0016589727049164,2,log_ret,-0.0014607225148266004,0.0014201813630875704,-0.0013782373,-0.0013674924143532556,-0.001130669664508626,0.0020804465427351217,-0.006382130107542243
141,2025-09-25 04:00:00+00:00,-0.0205501442013344,2,log_ret,-0.023180880809532515,-0.015559283482052875,-0.017789364,-0.016465467262852317,-0.002692131667672622,-0.016337358235928835,-0.01668936722903662
142,2025-09-26 04:00:00+00:00,0.0067568311711934,2,log_ret,0.0040473595235960185,0.005919500988441352,0.007743663,0.00864155457511189,-0.0018704384497817022,0.005675956405532538,-0.0003206391527455142
143,2025-09-29 04:00:00+00:00,0.0037806827215526,2,log_ret,0.0018012009359788625,0.0044162294943037046,0.0051279464,0.004254262098110974,-0.0015115598596076069,0.004714318533099662,-0.0007663699658908742
144,2025-09-30 04:00:00+00:00,0.0661096156752761,2,log_ret,0.05333326624514722,0.05118977723859234,0.049050175,0.05864465714711823,0.003381380131628237,0.056669046830229754,0.04629856322033721
145,2025-10-01 04:00:00+00:00,0.0656906690625693,2,log_ret,0.03737560412060365,0.05092395779896254,0.049950633,0.05173481240246734,0.005788269096702906,0.06344164211515586,0.03296112746992737
146,2025-10-02 04:00:00+00:00,-0.0047890622475323,2,log_ret,-0.004792778979638542,-0.0034995850649720095,0.0054434026,0.016883694420857635,0.006249355428004436,0.01227703216608872,0.0036851817603443184
147,2025-10-03 04:00:00+00:00,0.0106520750351391,2,log_ret,0.021838305133311624,0.043804317973961726,0.03907818,0.0503579079027051,0.006521838362241337,0.03310078498467597,0.023656202676785632
148,2025-10-06 04:00:00+00:00,-0.0349477996742599,2,log_ret,-0.007021254435142516,-0.018681320353715482,-0.009145437,-0.01059504288143461,0.004217972286055041,-0.01686366707631286,0.015196241566484766
149,2025-10-07 04:00:00+00:00,-0.0060720938809549,2,log_ret,0.014237186547519176,-0.007828692124544906,0.0018523016,-0.0009674631138220722,0.0015447114839383198,-0.009282673909449394,0.023204112402977588
150,2025-10-08 04:00:00+00:00,-0.0227151799883338,2,log_ret,-0.012645153535044855,-0.010117321208476207,-0.010775696,-0.01130650168551439,-0.001856746488751713,-0.008281108279668816,-0.004534389289054604
151,2025-10-09 04:00:00+00:00,-0.0172824309186364,2,log_ret,-0.01030719036031651,-0.0028320243345490675,-0.00023624387,-0.003217840281658525,-0.0026483612464708326,-0.0057842808348641615,-0.0014785814521069375
152,2025-10-10 04:00:00+00:00,-0.0183931069491677,2,log_ret,-0.014108392954643223,-0.01168198956754342,-0.009076761,-0.009457088019705528,-0.0039481319686594666,-0.010872788784229677,-0.018157197252179184
153,2025-10-13 04:00:00+00:00,-0.0020198441319007,2,log_ret,0.0041541393690316345,0.0020691481458326726,-0.00025469408,0.004213785135984705,-0.003002933905916801,-0.0007972545629759266,0.005347964656744288
154,2025-10-14 04:00:00+00:00,-0.0085279067752496,2,log_ret,-0.00736273909758095,-0.0009965881817792807,-0.0006003553,-0.0045281227692708995,-0.0032728673630214224,-0.003609506652586324,-0.0046150433447304405
155,2025-10-15 04:00:00+00:00,-0.0053160129817281,2,log_ret,-0.012701747364087313,0.0014279893096719046,-0.0006376148,-0.0006973018960284235,-0.0029800650170407153,-0.0028655682450774173,-0.006936611571567787
156,2025-10-16 04:00:00+00:00,-0.0065816441395972,2,log_ret,-0.0156123486905403,-0.0002339795429905545,-0.0021952495,-0.0012148263656226316,-0.0028785974673933485,-0.0018303209744299743,-0.006880266188574479
157,2025-10-17 04:00:00+00:00,0.0114897658238916,2,log_ret,0.0021272072475750107,0.002501516887332518,0.0030588154,0.002142822470054754,-0.0019915794830462474,-0.0013803352746887107,0.0037255250592573403
158,2025-10-20 04:00:00+00:00,0.0073171080672098,2,log_ret,0.003341927294366517,0.0009629352643556312,0.0036783027,0.001565038482411644,-0.0014874949706538778,0.0015280258946233649,0.005744460295530512
159,2025-10-21 04:00:00+00:00,0.00645941586304,2,log_ret,-0.0010796524805501697,0.00013694413080369303,0.002082833,0.0005804408252190053,-0.0008160219553692566,0.003142759537416636,0.0004832728396666992
160,2025-10-22 04:00:00+00:00,-0.0052451527854606,2,log_ret,-0.014342695847896431,-0.006679692871248002,-0.002129512,-0.003403048063039065,-0.0009584947157414197,-0.001385720481918846,-0.008735967234582987
161,2025-10-23 04:00:00+00:00,-0.0020246716945925,2,log_ret,-0.003191227819575666,0.005810827415730591,0.0029433635,0.0014714836811524955,-0.0006533076326476817,0.0047176237022721595,0.004211558861917983
162,2025-10-24 04:00:00+00:00,0.0036415583704861,2,log_ret,0.0006466829002008333,0.008912799344994483,0.007976721,0.009320118660067326,-0.0007045205809386584,0.006353350689857846,0.0004941493184906055
163,2025-10-27 04:00:00+00:00,0.0004037736756413,2,log_ret,0.005174345863395746,0.005726812958049027,0.005757477,0.0050698733886578,-0.0005383121950517675,0.005780738964319612,0.005469447136491357
164,2025-10-28 04:00:00+00:00,-0.0109601697858117,2,log_ret,-0.012612063624368161,-0.0011513356484336333,-0.0018840086,-0.003025199118031997,-0.001472717887138925,-0.003233877927762962,-0.007353645114389455
165,2025-10-29 04:00:00+00:00,-0.0086083100046677,2,log_ret,-0.014820531808198045,-0.0013484301994791939,-0.004809899,-0.0031908940204190754,-0.0021775995269492756,-0.001346908910650529,-0.005515701222445955
166,2025-10-30 04:00:00+00:00,0.0,2,log_ret,0.002235441544719355,0.0032056088700707854,0.00015968147,0.0015446503734567877,-0.0021124449114008985,-0.0020329532398095755,0.006180815571432117
167,2025-10-31 04:00:00+00:00,0.0147120818324988,2,log_ret,0.02512497887563359,0.022479744599894772,0.020823477,0.019225236726560027,0.0002772286088275236,0.02292484052821143,0.021591992849422745
168,2025-11-03 05:00:00+00:00,0.0004055751712963,2,log_ret,0.008486477253371255,0.011141783165996283,0.0078063095,0.007996021809036065,0.00033370334531029335,0.017973057094793042,0.007139226132339073
169,2025-11-04 05:00:00+00:00,-0.0147061533175647,2,log_ret,-0.021044145795676022,-0.020374216547698585,-0.016699271,-0.019606087277891412,-0.0018191704702520584,-0.012363321809608845,-0.011715819110993798
170,2025-11-05 05:00:00+00:00,0.0126765503559291,2,log_ret,0.016295416731984157,0.005867296203256058,0.015155839,0.005744613256407252,0.0004828350768241002,0.012383195495581234,0.01511629916504007
171,2025-11-06 05:00:00+00:00,0.0097049181822456,2,log_ret,0.02591042146647102,0.03668522228501986,0.034060407,0.030069669280420427,0.0023052469034862974,0.03914770763712147,0.028562458546924466
172,2025-11-07 05:00:00+00:00,0.0004093766361077,2,log_ret,0.0030375203211417006,0.03529574375916398,0.026067136,0.034128659791830836,0.0018299262032025997,0.0329671876430936,0.011199585751164627
173,2025-11-10 05:00:00+00:00,-0.0016386720654135,2,log_ret,-0.009668062027006874,0.0016218438107601571,0.00816436,0.00952354413663631,0.0015128241066275075,0.02589824282348016,0.00569071447800638
174,2025-11-11 05:00:00+00:00,0.0448973697650739,2,log_ret,0.03206834733922122,0.03811508735838919,0.038801845,0.03301334640216654,0.0037848649577412194,0.044124819375210844,0.037821992740698696
175,2025-11-12 05:00:00+00:00,0.0140134550521569,2,log_ret,0.013206712768722121,0.03569993999532367,0.032725524,0.028420966207076633,0.003831622051434486,0.032012864457667614,0.02054007575760651
176,2025-11-13 05:00:00+00:00,-0.0030971743281433,2,log_ret,0.00466112598946978,-0.002661963969296843,0.010418994,0.013653523119619421,0.003246538095429377,0.024522751566616208,0.013143912120691784
177,2025-11-14 05:00:00+00:00,-0.0287138904995388,2,log_ret,-0.021310381419358884,-0.015567988353754782,-0.009403983,-0.016537697778550495,0.0009782007008734897,-0.010977914333798324,-0.00618062194121534
178,2025-11-17 05:00:00+00:00,0.0007977658031056,2,log_ret,0.010876440796170428,-0.00611632118081934,0.0032656656,-0.009144129116833112,0.0010950431814636397,-0.0025911371850734356,0.021944637586127483
179,2025-11-18 05:00:00+00:00,0.0146450563386407,2,log_ret,0.020161998574686285,0.0018239526656811103,-0.0007585535,0.002274829495120497,0.0007395528157527234,0.003873217093231869,0.019701038771377744
180,2025-11-19 05:00:00+00:00,-0.022651577205837,2,log_ret,-0.017191447792019945,-0.011510048280527865,-0.011852815,-0.015315130832349973,-0.0014408415845776298,-0.009914447458312138,-0.0060793717915709885
181,2025-11-20 05:00:00+00:00,-0.0194811248382619,2,log_ret,-0.02062848902634522,-0.010111395313115277,-0.011832308,-0.009932761267192315,-0.0027956918225330034,-0.011630533531073146,-0.018867427268610622
182,2025-11-21 05:00:00+00:00,0.0258914771608087,2,log_ret,0.02296533553975981,0.009136565685967452,0.015430498,0.014987523716950413,6.624905875471246e-05,0.012721906020520025,0.020855811529276423
183,2025-11-24 05:00:00+00:00,0.0071627798827834,2,log_ret,0.006386113862439112,0.004490031923100327,-0.004358092,-0.004913081292519029,0.00038490078572850947,0.009605386204185528,0.01313042175853477
184,2025-11-25 05:00:00+00:00,0.019631556873816,2,log_ret,0.013310847351202597,0.007861009410321619,0.0068538375,0.012009435280694354,0.001543533275822693,0.006253952578139465,0.010955947723735548
185,2025-11-26 05:00:00+00:00,-0.0003889155718755,2,log_ret,-0.0042863591241519405,-0.0010104036261577238,-0.0022767375,-0.001987906909741985,0.0022642425909949362,0.0001531897273887298,-0.0023934170197202477
186,2025-11-28 05:00:00+00:00,0.001166217901748,2,log_ret,0.0016822141705396599,0.001347986331117747,0.0011803656,0.00022752010040756878,0.003040458220512154,-0.0002975519175313298,0.008037360669207266
187,2025-12-01 05:00:00+00:00,-0.0184282311859771,2,log_ret,-0.019241056915599086,-0.01392642118669043,-0.013886472,-0.015964916258925137,0.00042373349507854904,-0.015989197306478395,-0.007039028533772553
188,2025-12-02 05:00:00+00:00,-0.0047600988512029,2,log_ret,-0.0034184267724588968,-0.006936132427492891,-0.0057136,-0.008133565272925743,-0.0002531460621044464,-0.008465134118600172,0.006149557453067078
189,2025-12-03 05:00:00+00:00,0.0165618832581572,3,log_ret,0.017730652372765183,0.008971374558645386,0.008241374,0.009550256200926779,0.001178531696598364,0.008952370871104823,0.010647323942727245
190,2025-12-04 05:00:00+00:00,0.0050712374503246,3,log_ret,0.002220507559007577,0.00217899857342431,0.0013825449,0.0008328259988056842,0.0018690528368765853,0.005570965045290851,0.003260019569068635
191,2025-12-05 05:00:00+00:00,0.0127587567033541,3,log_ret,0.0014146255852501887,0.010531054562378293,0.0101666115,0.010364174730760106,0.002257948118736085,0.013139219019481898,-0.0012925483103121249
192,2025-12-08 05:00:00+00:00,-0.0100386879529722,3,log_ret,-0.011496887756056394,-0.009211068753351998,-0.008833681,-0.009859419445636149,0.0017361687418262456,-0.010317980243661505,-0.008177367094983155
193,2025-12-09 05:00:00+00:00,-0.0172216261006825,3,log_ret,-0.012283845194393711,-0.01197940426256567,-0.011795764,-0.011976684528866037,0.00025861817951782406,-0.012587704516880358,-0.00882236570411009
194,2025-12-10 05:00:00+00:00,0.0176095610868625,3,log_ret,0.01261906510998947,0.004611887566448302,0.008948546,0.00823117096289131,0.0015090367714828755,0.0043828101349065,0.011057380056155268
195,2025-12-11 05:00:00+00:00,0.0007754939500192,3,log_ret,-0.002506403120354469,0.002839694354736714,0.00026179096,-0.00030836970700435997,0.0010630908105180646,0.0024883066632354046,0.005453590095266585
196,2025-12-12 05:00:00+00:00,0.0019361453743599,3,log_ret,-0.0008486532378649262,-0.004278222641241409,-0.0057625263,-0.0048125631501677495,0.0009490420187223697,-0.004484606422882617,-0.0023022447002291778
197,2025-12-15 05:00:00+00:00,0.0221891136680161,3,log_ret,0.019978823259193094,0.019893631529848008,0.01856985,0.017161724385074142,0.002573261210826212,0.018435431828111807,0.007741792829264099
198,2025-12-16 05:00:00+00:00,-0.0346454753762011,3,log_ret,-0.03367492531277654,-0.02602155313642981,-0.026058149,-0.034351734487295976,-0.0009416945350612013,-0.021104658718879402,-0.02025438056018685
199,2025-12-17 05:00:00+00:00,-0.0193797111105296,3,log_ret,-0.023747181041410315,-0.030654991599816328,-0.030477146,-0.030925411510680578,-0.003065898644510133,-0.025539217235535108,-0.017963084611778146
200,2025-12-18 05:00:00+00:00,0.0,3,log_ret,-0.0009845376819188107,-0.02175512604988175,-0.0058919997,-0.008205172686000028,-0.0030824492728517574,-0.01821530777017671,0.000288436639290035
201,2025-12-19 05:00:00+00:00,0.005972578936579,3,log_ret,0.011554074941274165,0.005071735302926403,0.008465946,0.007094117671191441,-0.002516458604755583,0.005828823416864445,0.0107477605911387
202,2025-12-22 05:00:00+00:00,0.0007935733903877,3,log_ret,-0.0015434863417013475,0.0005572287525452434,-0.0012597914,0.003446163004932896,-0.0029059304454401415,0.0019598076250491665,-0.01002920296328136
203,2025-12-23 05:00:00+00:00,-0.0131765046495135,3,log_ret,-0.011001155943940012,-0.013941439561736234,-0.010676917,-0.012699994849279705,-0.002994589946643146,-0.01270464115271997,-0.00981663805208373
204,2025-12-24 05:00:00+00:00,0.0060109505213545,3,log_ret,0.010053805427884536,0.0055740216804947085,0.0043047094,0.0059333360302063235,-0.002013525132862561,0.0046391512398379926,0.0021867912540964552
205,2025-12-26 05:00:00+00:00,0.0023941760660554,3,log_ret,0.001989166243441185,0.002340471655250979,0.003943933,0.00391788088120127,-0.001788788369777731,0.003637201927023845,0.0025689432414533787
206,2025-12-29 05:00:00+00:00,-0.0035934946372254,3,log_ret,-0.0048206048691614425,-0.0015126166129085395,-0.0016790772,-0.0029135395450302424,-0.002256585355929727,0.00023359575460947296,-0.006698712613618204
207,2025-12-30 05:00:00+00:00,-0.0004001185745056,3,log_ret,-0.004095073291131175,0.003081219062716866,-0.00013906333,-0.0005168761799789251,-0.002311292444844816,0.0015131312473878708,-0.010585604763130741
208,2025-12-31 05:00:00+00:00,-0.0036079003307616,3,log_ret,-0.0018068988978156585,-0.004740614923627339,-0.0042327843,-0.0038391545202677,-0.002359904140529326,-0.00549633527058976,-0.005435961689986327
209,2026-01-02 05:00:00+00:00,0.011182218217064,3,log_ret,0.013184095038125529,0.0071424720850601486,0.0055545815,0.0046324761308844655,-0.001442838483752513,0.006281290978422107,0.004142309701557143
210,2026-01-05 05:00:00+00:00,-0.0003972577481971,3,log_ret,0.0003534843581572807,0.003435931653421034,0.00012340405,0.0013954977534947084,-0.0015331610755879264,0.004841679581693607,-0.0009360850645267029
211,2026-01-06 05:00:00+00:00,0.0102768406389501,3,log_ret,0.016197639727094485,0.012852375340033062,0.012535548,0.012185829520752582,0.0017044946497916007,0.013365872681406607,0.015125843369011679
212,2026-01-07 05:00:00+00:00,-0.0059160446655574,3,log_ret,-0.007713506318481764,0.006952876373272433,0.0028159653,0.0018808755796498417,0.0010530427003224091,0.005847575034159797,-0.0036546868025767497
213,2026-01-08 05:00:00+00:00,0.0003955295017668,3,log_ret,0.0011713914216316158,-0.003512972313678916,-0.0055327085,-0.002489273001760649,0.0012230727231921927,-0.004402136337456008,0.0022001330077266656
214,2026-01-09 05:00:00+00:00,0.007484727106411,3,log_ret,0.011501535201432444,0.011080310074850988,0.01126487,0.011687610038993785,0.0022721846955618265,0.010587988627632878,0.0077071120113996975
215,2026-01-12 05:00:00+00:00,-0.0082758658723127,3,log_ret,-0.008823911233247318,-0.009770212136053254,-0.010862704,-0.014900579281637438,0.0005418082790232894,-0.012235742845414115,-0.0025267599585608444
216,2026-01-13 05:00:00+00:00,-0.0047600988512029,3,log_ret,-0.008858348712162513,-0.011691562085323732,-0.009636423,-0.011034449956638825,-0.0006766119674740488,-0.011481529164876608,-0.014766446058043302
217,2026-01-14 05:00:00+00:00,0.016952927789933,3,log_ret,0.023076869856438184,0.01978123376701992,0.02072314,0.016134695274276457,0.0022711487403879005,0.01800185783323125,0.013882660142706237
218,2026-01-15 05:00:00+00:00,0.0120459528979622,3,log_ret,0.023651344171270204,0.013633398989397763,0.010130208,0.008711751080005494,0.002531794418482995,0.014595561679624352,0.017135701041854176
219,2026-01-16 05:00:00+00:00,-0.0093132168901538,3,log_ret,-0.002171944485620415,-0.01155017509524736,-0.0125814015,-0.01409149983496242,0.001079317496794323,-0.0125671743850887,-0.005724768390761947
220,2026-01-20 05:00:00+00:00,-0.0050810722559643,3,log_ret,0.003963562636243062,-0.010910772614074334,-0.011819124,-0.010538286599992893,0.000566410919746852,-0.011162272661503284,-0.005021025445794511
221,2026-01-21 05:00:00+00:00,0.0143942891461181,3,log_ret,0.04176723675688354,0.01391565578903851,0.017537756,0.01609158271071214,0.0026570600786503477,0.017230602014171214,0.021904680907271663
222,2026-01-22 05:00:00+00:00,0.0080785531963706,3,log_ret,0.02658341539141874,0.013204972389633774,0.008491311,0.008336424430255417,0.002457138704512903,0.015074810552714434,0.017212777334556992
223,2026-01-23 05:00:00+00:00,-0.00077944111049,3,log_ret,0.02365882840049903,-0.0011822677408779552,-0.0020606238,-0.002579897666756589,0.0020761722494580265,0.003061197153327368,0.006970562489928665
224,2026-01-26 05:00:00+00:00,0.0089268804601601,3,log_ret,0.04653569146519782,0.012072450649935213,0.010547725,0.009459894102500423,0.002578909736502863,0.011635585084464542,0.02155421458268153
225,2026-01-27 05:00:00+00:00,0.023674295787352,3,log_ret,0.0676444760567108,0.01897950655504664,0.018465145,0.01080286091797725,0.00323675328256825,0.018269394327814617,0.027489012278628468
226,2026-01-28 05:00:00+00:00,-0.0244473360463167,3,log_ret,0.019513401048857303,-0.017675183357316895,-0.020108795,-0.022545490585908875,0.000740146060148478,-0.020554078426556866,-0.005413412411913724
227,2026-01-29 05:00:00+00:00,0.0092379319984861,3,log_ret,0.06771429982970778,-0.0009792730111545412,0.00028096046,0.0007246356355127533,0.0013707161212414467,-0.001954393268535787,0.02869138002186502
228,2026-01-30 05:00:00+00:00,0.0129427062379901,3,log_ret,0.06961261115318698,0.002814646843738922,0.0037267208,0.0020767584395465864,0.002536135054505365,0.00840449767326823,0.031224467164385632
229,2026-02-02 05:00:00+00:00,0.0082862738447496,3,log_ret,0.06976774784542532,0.016181528547601375,0.01709952,0.01676737870587713,0.0026727918375210585,0.017507884360626797,0.035148873870917446
230,2026-02-03 05:00:00+00:00,-0.0339532665993791,3,log_ret,0.02675978677906645,-0.020627137449233727,-0.026985591,-0.026319134066852594,-0.0011305665768793197,-0.01798600958389707,-0.009205581934731588
231,2026-02-04 05:00:00+00:00,0.038444323475555,3,log_ret,0.09532989904842264,0.026513543632952136,0.035933886,0.022001942448057865,0.002792305182923574,0.023007117253766595,0.04708688586900736
232,2026-02-05 05:00:00+00:00,-0.0108880712595943,3,log_ret,0.060968116325982404,-0.011663185766659246,-0.0058397683,-0.014526273328119354,0.00157161907771007,-0.00021702294562265295,0.024053912974977065
233,2026-02-06 05:00:00+00:00,0.0271846773538804,3,log_ret,0.08562442805747113,0.019050802928902818,0.024233708,0.023649397674740922,0.002658758516044492,0.018511840440808485,0.043889175626687975
234,2026-02-09 05:00:00+00:00,-0.0062649949098434,3,log_ret,0.039185712462507044,-0.0025118413055907453,-0.0034846948,-0.003719394879751568,0.0019016361361551119,0.000966936817668538,0.003984335084955421
235,2026-02-10 05:00:00+00:00,0.0204910709605359,3,log_ret,0.0635782531954168,0.018865294748053724,0.024810513,0.01958239462383103,0.0035797775441075977,0.01676770331288877,0.04761186832431445
236,2026-02-11 05:00:00+00:00,0.0043367950715604,3,log_ret,0.054163057132144025,0.014167366060294551,0.011814236,0.010280562128341598,0.0027900632969578088,0.015580751447137896,0.021844068605541927
237,2026-02-12 05:00:00+00:00,-0.0094203680088146,3,log_ret,0.03134339651203153,-0.00832470919842074,-0.0023343659,-0.0046200433277321365,0.0022338195920746143,-0.00589771619574063,0.015441407936512415
238,2026-02-13 05:00:00+00:00,0.0039963944878917,3,log_ret,0.038416223176538304,0.004409148218368699,0.005007217,0.004257844672761574,0.001960814773887033,0.005382859067244978,0.010386090638428156
239,2026-02-17 05:00:00+00:00,-0.0076433158837622,3,log_ret,0.034964435760787636,-0.007463973530669179,-0.005636301,-0.004788401352967585,0.0014538647327391476,-0.0038688147416801864,0.01800018763814808
240,2026-02-18 05:00:00+00:00,0.0,3,log_ret,0.0388646335878574,-0.0013129965499926407,-0.0016256355,-0.0007215351791372444,0.0010027538878214482,-0.0008154465248652158,0.009465859165467261
241,2026-02-19 05:00:00+00:00,-0.0188466212322359,3,log_ret,0.019328791814981143,-0.010205845126242685,-0.007973308,-0.008441921862004457,-0.0006555469972987936,-0.008599294322695733,-0.0014609095115264321
