Earnings Date,earnings_date
2026-04-14,1
2026-01-21,1
2025-10-14,1
2025-07-16,1
2025-04-15,1
2025-01-22,1
2024-10-15,1
2024-07-17,1
2024-04-16,1
2024-01-23,1
2023-10-17,1
2023-07-20,1
2023-04-18,1
2023-01-24,1
2022-10-18,1
2022-07-19,1
2022-04-19,1
2022-01-25,1
2021-10-19,1
2021-07-21,1
2021-04-20,1
2021-01-26,1
2020-10-13,1
2020-07-16,1
2020-04-14,1
2020-01-22,1
2019-10-15,1
2019-07-16,1
2019-04-16,1
2019-01-22,1
2018-10-16,1
2018-07-17,1
2018-04-17,1
2018-01-23,1
2017-10-17,1
2017-07-18,1
2017-04-18,1
2017-01-24,1
2016-10-18,1
2016-07-19,1
2016-04-19,1
2016-01-26,1
2015-10-13,1
2015-07-14,1
2015-04-14,1
2015-01-20,1
2014-10-14,1
2014-07-15,1
2014-04-15,1
2014-01-21,1
