Earnings Date,earnings_date
2026-05-04,1
2026-02-24,1
2025-11-03,1
2025-08-06,1
2025-05-05,1
2025-02-24,1
2024-11-04,1
2024-08-05,1
2024-05-06,1
2024-02-20,1
2023-11-06,1
2023-08-02,1
2023-05-03,1
2023-02-21,1
2022-11-02,1
2022-08-03,1
2022-05-04,1
2022-02-22,1
2021-11-01,1
2021-08-02,1
2021-05-03,1
2021-02-22,1
2020-11-02,1
2020-08-03,1
2020-05-04,1
2020-02-19,1
2019-11-04,1
2019-08-05,1
2019-05-01,1
2019-02-20,1
2018-10-31,1
2018-08-01,1
2018-05-08,1
2018-02-21,1
2017-10-25,1
2017-07-26,1
2017-04-25,1
2017-02-22,1
2016-10-26,1
2016-07-27,1
2016-04-26,1
2016-02-10,1
2015-10-28,1
2015-07-29,1
2015-04-29,1
2015-02-17,1
2014-10-29,1
2014-07-24,1
2014-05-01,1
2014-02-13,1
